<?xml version='1.0'?>
<home version='5500' exportFlags='17' name='MakBase1.sh3d' camera='topCamera' selectedLevel='level10' wallHeight='243.84'>
  <environment groundColor='FFFFDF49' skyColor='00CCE4FC' lightColor='00D3D3D3' wallsAlpha='0.23137255'>
    <camera attribute='cameraPath' lens='PINHOLE' x='1323.3564' y='-1196.246' z='403.01346' yaw='-238.3496' pitch='0.029999997' fieldOfView='1.0995575' time='1510401600000'/>
    <texture attribute='groundTexture' name='Stone tiles' creator='eTeks' catalogId='eTeks#stoneTiles' width='60.0' height='40.0' image='0'/>
  </environment>
  <observerCamera attribute='observerCamera' lens='PINHOLE' x='-357.8258' y='-316.45633' z='601.7998' yaw='11.741301' pitch='0.27489895' fieldOfView='1.0995575' time='1510401600000' fixedSize='true'/>
  <camera attribute='topCamera' lens='PINHOLE' x='-271.369' y='-887.90247' z='596.08624' yaw='-283.15057' pitch='0.13999993' fieldOfView='1.0995575' time='1510401600000'/>
  <level id='level0' name='Baselevel-0' elevation='0.0' floorThickness='12.0' height='762.0' elevationIndex='0'/>
  <level id='level1' name='Garden-1' elevation='30.48' floorThickness='12.0' height='762.0' elevationIndex='0'/>
  <level id='level2' name='Porch-2' elevation='50.8' floorThickness='12.0' height='762.0' elevationIndex='0'/>
  <level id='level3' name='PorchStep-3' elevation='71.12' floorThickness='12.0' height='762.0' elevationIndex='0'/>
  <level id='level4' name='GroundFloor-4' elevation='91.44' floorThickness='12.0' height='762.0' elevationIndex='0'/>
  <level id='level5' name='StairStep-5' elevation='93.98' floorThickness='12.0' height='762.0' elevationIndex='0'/>
  <level id='level6' name='Toilet-6' elevation='104.14001' floorThickness='12.0' height='762.0' elevationIndex='0'/>
  <level id='level7' name='StairsToMiddleFloor-7' elevation='317.5' floorThickness='12.0' height='762.0' elevationIndex='0'/>
  <level id='level8' name='ShelfStorage-8' elevation='335.27997' floorThickness='12.0' height='762.0' elevationIndex='0'/>
  <level id='level9' name='FirstFloorBase-9' elevation='426.71997' floorThickness='12.0' height='762.0' elevationIndex='0'/>
  <level id='level10' name='FirstFloorRooms-10' elevation='431.79996' floorThickness='12.0' height='762.0' elevationIndex='0'/>
  <doorOrWindow level='level4' catalogId='eTeks#roundDoorFrame' name='Round door frame' creator='eTeks' model='2' x='652.58734' y='982.8296' width='152.4' depth='7.62075' height='200.025' color='FFF07100' modelSize='8848' movable='false' cutOutShape='M0,1 v-0.8 a0.5,0.2 0 1,1 1,0 v0.8 z' wallCutOutOnBothSides='true'/>
  <doorOrWindow level='level4' catalogId='eTeks#serviceHatch' name='Service hatch' creator='eTeks' model='4' x='664.0779' y='1241.9095' elevation='76.2' width='50.8' depth='7.62075' height='50.8' color='FF004D5B' modelSize='2316' movable='false' cutOutShape='M0,0 v1 h1 v-1 z'/>
  <doorOrWindow level='level4' catalogId='eTeks#doubleWindow126x123' name='Double small window' creator='eTeks' model='6' x='784.32684' y='607.42523' elevation='86.994995' angle='1.7484555E-7' width='111.759995' widthInPlan='111.75999' depth='10.452342' height='106.68' heightInPlan='106.68001' modelSize='13227' movable='false' cutOutShape='M0,0 v1 h1 v-1 z' wallCutOutOnBothSides='true'>
    <material name='flltgrey'/>
    <material name='white' color='FFB36B38'/>
  </doorOrWindow>
  <doorOrWindow level='level4' catalogId='eTeks#doubleWindow126x123' name='Double small window' creator='eTeks' model='6' x='672.56683' y='607.42523' elevation='86.994995' angle='1.7484555E-7' width='111.759995' widthInPlan='111.75999' depth='10.452342' height='106.68' heightInPlan='106.68001' modelSize='13227' movable='false' cutOutShape='M0,0 v1 h1 v-1 z' wallCutOutOnBothSides='true'>
    <material name='flltgrey'/>
    <material name='white' color='FFB36B38'/>
  </doorOrWindow>
  <doorOrWindow level='level4' catalogId='eTeks#doubleWindow126x123' name='Double small window' creator='eTeks' model='6' x='4.9157963' y='1094.9329' elevation='86.994995' angle='4.712389' width='111.759995' depth='10.452342' height='133.985' color='FFB36B38' modelSize='13227' movable='false' cutOutShape='M0,0 v1 h1 v-1 z' wallCutOutOnBothSides='true'/>
  <doorOrWindow level='level4' catalogId='eTeks#doubleWindow126x123' name='Double small window' creator='eTeks' model='6' x='4.9157963' y='983.44147' elevation='86.994995' angle='4.712389' width='111.759995' depth='10.452342' height='133.985' color='FFB36B38' modelSize='13227' movable='false' cutOutShape='M0,0 v1 h1 v-1 z' wallCutOutOnBothSides='true'/>
  <doorOrWindow level='level4' catalogId='eTeks#roundWindow' name='Round window' creator='eTeks' model='8' x='878.3169' y='1516.8962' elevation='271.78' angle='3.1415927' width='45.72' widthInPlan='45.720005' depth='7.62075' height='45.72' heightInPlan='45.720005' color='FF004D5B' modelSize='16819' movable='false' cutOutShape='M0,0.5 a0.5,0.5 0 1,0 1,0 a0.5,0.5 0 1,0 -1,0 z' wallCutOutOnBothSides='true'/>
  <doorOrWindow level='level4' catalogId='eTeks#doubleWindow126x123' name='Double small window' creator='eTeks' model='6' x='61.228542' y='816.67017' elevation='91.44' width='86.36' widthInPlan='86.360016' depth='10.452342' height='86.36' heightInPlan='86.35999' color='FFB36B38' modelSize='13227' movable='false' cutOutShape='M0,0 v1 h1 v-1 z' wallCutOutOnBothSides='true'/>
  <doorOrWindow level='level4' catalogId='eTeks#doubleWindow126x123' name='Double small window' creator='eTeks' model='6' x='140.85403' y='816.67017' elevation='91.44' width='86.36' widthInPlan='86.360016' depth='10.452342' height='86.36' heightInPlan='86.35999' color='FFB36B38' modelSize='13227' movable='false' cutOutShape='M0,0 v1 h1 v-1 z' wallCutOutOnBothSides='true'/>
  <doorOrWindow level='level4' catalogId='eTeks#openDoor' name='Open door' creator='eTeks' model='10' x='286.9612' y='1179.592' angle='1.5707964' width='100.33' widthInPlan='100.33001' depth='74.55076' height='218.44' heightInPlan='218.43996' modelMirrored='true' color='FF3A1700' modelSize='13917' movable='false' cutOutShape='M0,0 v1 h1 v-1 z' wallCutOutOnBothSides='true'/>
  <doorOrWindow level='level4' catalogId='eTeks#openDoor' name='Open door' creator='eTeks' model='10' x='503.4484' y='1210.5885' angle='3.1355126' width='100.33' widthInPlan='100.33001' depth='74.55076' height='218.44' heightInPlan='218.43996' color='FF3A1700' modelSize='13917' movable='false' cutOutShape='M0,0 v1 h1 v-1 z' wallCutOutOnBothSides='true'/>
  <doorOrWindow level='level4' catalogId='eTeks#openDoor' name='Open door' creator='eTeks' model='10' x='607.2586' y='1323.4719' angle='4.712389' width='100.33' widthInPlan='100.33001' depth='74.55076' height='218.44' heightInPlan='218.43996' modelMirrored='true' color='FF3A1700' modelSize='13917' movable='false' cutOutShape='M0,0 v1 h1 v-1 z' wallCutOutOnBothSides='true'/>
  <doorOrWindow level='level4' catalogId='eTeks#openDoor' name='Open door' creator='eTeks' model='10' x='854.4254' y='1210.151' angle='3.1415927' width='100.33' widthInPlan='100.33001' depth='74.55076' height='218.44' heightInPlan='218.43996' modelMirrored='true' color='FF3A1700' modelSize='13917' movable='false' cutOutShape='M0,0 v1 h1 v-1 z' wallCutOutOnBothSides='true'/>
  <doorOrWindow level='level4' catalogId='eTeks#openDoor' name='Open door' creator='eTeks' model='10' x='63.351074' y='1273.6681' width='100.33' widthInPlan='100.33001' depth='74.55076' height='218.44' heightInPlan='218.43996' modelMirrored='true' color='FF3A1700' modelSize='13917' movable='false' cutOutShape='M0,0 v1 h1 v-1 z' wallCutOutOnBothSides='true'/>
  <pieceOfFurniture level='level4' catalogId='eTeks#washbasin' name='Washbasin' creator='eTeks' model='12' x='385.05624' y='1206.2368' angle='3.1355126' width='83.82' depth='66.04' height='96.52' heightInPlan='96.51999' modelSize='239991' movable='false'/>
  <pieceOfFurniture level='level4' catalogId='eTeks#wardrobe' name='Wardrobe' creator='eTeks' model='14' x='339.03983' y='1062.0375' angle='4.712389' width='86.36' widthInPlan='86.35999' depth='33.02' height='215.9' heightInPlan='215.90002' color='FF809EFF' modelSize='22284'/>
  <pieceOfFurniture level='level4' catalogId='eTeks#bed140x190' name='Double bed' creator='eTeks' model='16' x='107.64001' y='1036.0824' angle='4.712389' width='193.04' widthInPlan='193.03995' depth='200.66' height='69.85' modelSize='11797'>
    <material name='bone2'/>
    <material name='flyellow' color='FFB36B38'/>
  </pieceOfFurniture>
  <pieceOfFurniture level='level4' catalogId='eTeks#fridgeFreezer' name='Fridge &amp; Freezer' creator='eTeks' model='18' x='740.4475' y='1279.4249' angle='6.270325' width='59.69' depth='66.04' height='185.42' modelSize='27608'/>
  <doorOrWindow level='level4' catalogId='eTeks#doubleWindow126x123' name='Double small window' creator='eTeks' model='6' x='715.806' y='1515.4805' elevation='109.22' angle='3.1415927' width='86.36' widthInPlan='86.360016' depth='10.452342' height='86.36' heightInPlan='86.35999' color='FFB36B38' modelSize='13227' movable='false' cutOutShape='M0,0 v1 h1 v-1 z' wallCutOutOnBothSides='true'/>
  <doorOrWindow level='level4' catalogId='eTeks#doubleWindow126x123' name='Double small window' creator='eTeks' model='6' x='802.1661' y='1515.4805' elevation='109.22' angle='3.1415927' width='86.36' widthInPlan='86.360016' depth='10.452342' height='86.36' heightInPlan='86.35999' color='FFB36B38' modelSize='13227' movable='false' cutOutShape='M0,0 v1 h1 v-1 z' wallCutOutOnBothSides='true'/>
  <doorOrWindow level='level4' catalogId='eTeks#doubleWindow126x123' name='Double small window' creator='eTeks' model='6' x='576.9158' y='1449.4792' elevation='127.0' angle='4.712389' width='86.36' widthInPlan='86.360016' depth='10.452342' height='86.36' heightInPlan='86.35999' color='FFB36B38' modelSize='13227' movable='false' cutOutShape='M0,0 v1 h1 v-1 z' wallCutOutOnBothSides='true'/>
  <pieceOfFurniture level='level4' catalogId='eTeks#wardrobe' name='Wardrobe' creator='eTeks' model='14' x='23.819988' y='874.7971' angle='4.712389' width='86.36' widthInPlan='86.35999' depth='33.02' height='215.9' heightInPlan='215.90002' color='FF809EFF' modelSize='22284'/>
  <pieceOfFurniture level='level4' catalogId='Geantick#glassDoorCabinet' name='Glass-door cabinet' creator='Geantick' model='20' x='766.9888' y='1040.2206' angle='1.5707964' width='74.612495' depth='45.4025' height='149.86' modelSize='29878'/>
  <pieceOfFurniture level='level4' catalogId='eTeks#stool' name='Stool' creator='eTeks' model='22' x='588.43' y='643.4376' width='40.005' depth='40.005' height='45.72' modelSize='19756'/>
  <pieceOfFurniture level='level4' catalogId='Sheep#coffeeTable' name='Coffee table' creator='Sheep' model='24' x='733.38947' y='785.74194' angle='1.5707964' width='132.08' depth='73.659996' height='44.1325' modelSize='16428'/>
  <pieceOfFurniture level='level4' catalogId='Sleipnir1#chair2' name='Chair' creator='Sleipnir1' model='26' x='700.6891' y='638.6864' angle='1.7484555E-7' width='38.4175' depth='52.07' height='98.1075' modelSize='22105'/>
  <pieceOfFurniture level='level4' catalogId='Sleipnir1#chair2' name='Chair' creator='Sleipnir1' model='26' x='744.7765' y='638.68646' angle='1.7484555E-7' width='38.4175' depth='52.07' height='98.1075' modelSize='22105'/>
  <pieceOfFurniture level='level4' catalogId='eTeks#bookcase' name='Bookcase' creator='eTeks' model='28' x='856.93994' y='962.5096' angle='3.1415927' width='119.38' widthInPlan='119.380005' depth='33.02' depthInPlan='33.019997' height='210.81999' modelSize='3516'/>
  <pieceOfFurniture level='level4' catalogId='eTeks#bookcase' name='Bookcase' creator='eTeks' model='28' x='381.3842' y='1002.2926' angle='3.1415927' width='111.759995' widthInPlan='111.76' depth='27.939999' depthInPlan='27.939995' height='210.81999' modelSize='3516'/>
  <pieceOfFurniture level='level4' catalogId='eTeks#bookcase' name='Bookcase' creator='eTeks' model='28' x='201.49' y='1255.5631' angle='3.1415927' width='152.4' depth='27.939999' depthInPlan='27.939997' height='210.81999' modelSize='3516'/>
  <pieceOfFurniture level='level4' catalogId='Geantick#dresser' name='Dresser' creator='Geantick' model='30' x='865.4425' y='668.7131' angle='3.926991' width='106.68' widthInPlan='106.68001' depth='38.1' depthInPlan='38.099995' height='61.9125' modelSize='37377'/>
  <pieceOfFurniture level='level4' catalogId='eTeks#flatTV' name='Flat TV' creator='eTeks' model='32' x='863.3097' y='665.97156' elevation='66.04' angle='3.926991' width='120.9675' depth='29.845' height='79.375' modelSize='13041'/>
  <pieceOfFurniture level='level5' catalogId='eTeks#staircase' name='Staircase' creator='eTeks' model='34' x='377.0678' y='760.4153' width='109.22' widthInPlan='109.22001' depth='162.56' depthInPlan='162.56007' height='304.8' heightInPlan='304.80005' modelSize='13928' movable='false' staircaseCutOutShape='M0,0 v1 h1 v-1 z'/>
  <pieceOfFurniture level='level6' catalogId='eTeks#toiletUnit' name='Toilet unit' creator='eTeks' model='36' x='62.321167' y='1459.5936' angle='3.1415927' width='58.42' widthInPlan='58.419994' depth='78.74' height='62.23' modelSize='125874' movable='false'/>
  <pieceOfFurniture level='level4' catalogId='Kator Legaz#showerHeadAndFaucet' name='Shower head and faucet' creator='Kator Legaz' model='38/showerHeadAndFaucet.obj' x='193.80673' y='1380.9282' elevation='120.9675' angle='3.1415927' width='24.4475' depth='22.5425' height='88.9' modelSize='486573'/>
  <pieceOfFurniture level='level4' catalogId='Kator Legaz#showerHeadAndFaucet' name='Shower head and faucet' creator='Kator Legaz' model='38/showerHeadAndFaucet.obj' x='103.46625' y='1352.3855' elevation='120.9675' angle='3.1415927' width='24.4475' depth='22.5425' height='88.9' modelSize='486573'/>
  <pieceOfFurniture level='level4' catalogId='OlaKristianHoff#window_flat_roof_skylight_bubble' name='Flat roof skylight bubble' creator='Ola-Kristian Hoff' model='40/window_flat_roof_skylight_bubble.obj' x='465.77383' y='1423.363' elevation='325.12' angle='3.142757' width='104.14' widthInPlan='104.14001' depth='66.04' depthInPlan='66.04001' height='20.32' heightInPlan='20.32001' modelSize='7797' movable='false' staircaseCutOutShape='M0,0 v1 h1 v-1 z'/>
  <pieceOfFurniture level='level1' catalogId='Kator Legaz#residential-trashcan' name='Residential trashcan' creator='Kator Legaz' model='42/residential-trashcan.obj' x='953.6186' y='30.836315' angle='1.5707961' width='58.7375' depth='58.7375' height='80.01' modelSize='638496'/>
  <pieceOfFurniture level='level4' catalogId='OlaKristianHoff#bucket' name='Bucket' creator='Ola-Kristian Hoff' model='44/bucket.obj' x='232.93637' y='1364.7888' width='29.845' depth='27.939999' height='26.352499' modelSize='34209'/>
  <pieceOfFurniture level='level4' catalogId='OlaKristianHoff#bucket' name='Bucket' creator='Ola-Kristian Hoff' model='44/bucket.obj' x='101.72' y='1313.8882' angle='1.5707964' width='29.845' depth='27.939999' height='26.352499' modelSize='34209'/>
  <pieceOfFurniture level='level4' catalogId='Scopia#clothes_washing_machine' name='Clothes washing machine' creator='Scopia' model='46/clothes_washing_machine.obj' x='387.75327' y='1276.8655' angle='6.2771053' width='59.055' depth='60.0075' height='84.1375' modelSize='94793'/>
  <pieceOfFurniture level='level4' catalogId='LucaPresidente#pensileDoppio' name='Upper cabinet' creator='LucaPresidente' model='48/pensileDoppio.obj' x='873.6477' y='1262.2296' elevation='274.32' width='86.36' depth='33.02' height='60.0075' heightInPlan='60.007496' modelSize='504301'/>
  <pieceOfFurniture level='level4' catalogId='LucaPresidente#pensileDoppio' name='Upper cabinet' creator='LucaPresidente' model='48/pensileDoppio.obj' x='787.2877' y='1262.8894' elevation='274.32' width='86.36' depth='33.02' height='60.0075' heightInPlan='60.007496' modelSize='504301'/>
  <pieceOfFurniture level='level4' catalogId='LucaPresidente#pensileDoppio' name='Upper cabinet' creator='LucaPresidente' model='48/pensileDoppio.obj' x='700.92773' y='1263.9985' elevation='274.32' width='86.36' depth='33.02' height='60.0075' heightInPlan='60.007496' modelSize='504301'/>
  <pieceOfFurniture level='level4' catalogId='LucaPresidente#pensileDoppio' name='Upper cabinet' creator='LucaPresidente' model='48/pensileDoppio.obj' x='622.91364' y='1264.9791' elevation='274.32' width='86.36' depth='33.02' height='60.0075' heightInPlan='60.007496' modelSize='504301'/>
  <pieceOfFurniture level='level4' catalogId='LucaPresidente#pensileDoppio' name='Upper cabinet' creator='LucaPresidente' model='48/pensileDoppio.obj' x='595.82' y='1469.9061' elevation='274.32' angle='4.712389' width='86.36' depth='33.02' height='60.0075' heightInPlan='60.007496' modelSize='504301'/>
  <pieceOfFurniture level='level4' catalogId='LucaPresidente#pensileDoppio' name='Upper cabinet' creator='LucaPresidente' model='48/pensileDoppio.obj' x='595.82' y='1383.5461' elevation='274.32' angle='4.712389' width='86.36' depth='33.02' height='60.0075' heightInPlan='60.007496' modelSize='504301'/>
  <pieceOfFurniture level='level4' catalogId='Puybaret#mirror' name='Mirror' creator='Emmanuel Puybaret' model='50/mirror.obj' x='387.25293' y='1239.0183' elevation='100.0125' angle='3.1355126' width='78.74' depth='0.4515187' height='109.22' heightInPlan='109.22002' modelSize='7802'/>
  <pieceOfFurniture level='level4' catalogId='Sleipnir1#horlogeUbuntu' name='Ubuntu clock' creator='Sleipnir1' model='52' x='486.4081' y='994.8387' elevation='264.16' angle='6.2747097' width='48.26' widthInPlan='48.25999' depth='15.24' height='38.4175' modelSize='164875'/>
  <pieceOfFurniture level='level0' catalogId='RogerLonqueux#portillon' name='Gate' creator='Roger Lonqueux' model='54' x='812.94965' y='5.105592' angle='3.1415927' width='208.28' widthInPlan='208.28004' depth='12.7' height='180.34' modelSize='9457'/>
  <pieceOfFurniture level='level0' catalogId='OlaKristianHoff#column_balustrade_corner' name='Balustrade corner' creator='Ola-Kristian Hoff' model='56/column_balustrade_corner.obj' x='26.950043' y='17.516533' elevation='119.38' angle='4.712389' width='54.2925' depth='54.2925' height='61.9125' modelSize='68337' movable='false'/>
  <pieceOfFurniture level='level0' catalogId='OlaKristianHoff#column_balustrade' name='Balustrade column' creator='Ola-Kristian Hoff' model='58/column_balustrade.obj' x='67.14236' y='2.5940485' elevation='119.38' width='29.845' depth='24.4475' height='61.9125' modelSize='27869' movable='false'/>
  <pieceOfFurniture level='level0' catalogId='Scopia#garden-faucet' name='Garden faucet' creator='Scopia' model='60/garden-faucet.obj' x='599.50397' y='588.8292' elevation='100.0125' angle='3.142757' width='5.08' depth='20.0025' height='15.5575' modelSize='39533' movable='false'/>
  <pieceOfFurniture level='level0' catalogId='Scopia#letters_box' name='Letters box' creator='Scopia' model='62/letters_box.obj' x='664.7156' y='-10.532912' elevation='83.82' angle='3.1415927' width='31.115' depth='12.065' height='40.64' modelSize='31944'/>
  <pieceOfFurniture level='level0' catalogId='OlaKristianHoff#column_balustrade' name='Balustrade column' creator='Ola-Kristian Hoff' model='58/column_balustrade.obj' x='96.98733' y='2.5940485' elevation='119.38' width='29.845' depth='24.4475' height='61.9125' modelSize='27869' movable='false'/>
  <pieceOfFurniture level='level0' catalogId='OlaKristianHoff#column_balustrade' name='Balustrade column' creator='Ola-Kristian Hoff' model='58/column_balustrade.obj' x='126.83227' y='2.5940485' elevation='119.38' width='29.845' depth='24.4475' height='61.9125' modelSize='27869' movable='false'/>
  <pieceOfFurniture level='level0' catalogId='OlaKristianHoff#column_balustrade' name='Balustrade column' creator='Ola-Kristian Hoff' model='58/column_balustrade.obj' x='156.67723' y='2.5940485' elevation='119.38' width='29.845' depth='24.4475' height='61.9125' modelSize='27869' movable='false'/>
  <pieceOfFurniture level='level0' catalogId='OlaKristianHoff#column_balustrade' name='Balustrade column' creator='Ola-Kristian Hoff' model='58/column_balustrade.obj' x='186.52232' y='2.5940485' elevation='119.38' width='29.845' depth='24.4475' height='61.9125' modelSize='27869' movable='false'/>
  <pieceOfFurniture level='level0' catalogId='OlaKristianHoff#column_balustrade' name='Balustrade column' creator='Ola-Kristian Hoff' model='58/column_balustrade.obj' x='216.3673' y='2.5940485' elevation='119.38' width='29.845' depth='24.4475' height='61.9125' modelSize='27869' movable='false'/>
  <pieceOfFurniture level='level0' catalogId='OlaKristianHoff#column_balustrade' name='Balustrade column' creator='Ola-Kristian Hoff' model='58/column_balustrade.obj' x='246.21227' y='2.5940485' elevation='119.38' width='29.845' depth='24.4475' height='61.9125' modelSize='27869' movable='false'/>
  <pieceOfFurniture level='level0' catalogId='OlaKristianHoff#column_balustrade' name='Balustrade column' creator='Ola-Kristian Hoff' model='58/column_balustrade.obj' x='276.0573' y='2.5940485' elevation='119.38' width='29.845' depth='24.4475' height='61.9125' modelSize='27869' movable='false'/>
  <pieceOfFurniture level='level0' catalogId='OlaKristianHoff#column_balustrade' name='Balustrade column' creator='Ola-Kristian Hoff' model='58/column_balustrade.obj' x='305.9024' y='2.5940485' elevation='119.38' width='29.845' depth='24.4475' height='61.9125' modelSize='27869' movable='false'/>
  <pieceOfFurniture level='level0' catalogId='OlaKristianHoff#column_balustrade' name='Balustrade column' creator='Ola-Kristian Hoff' model='58/column_balustrade.obj' x='335.74738' y='2.5940485' elevation='119.38' width='29.845' depth='24.4475' height='61.9125' modelSize='27869' movable='false'/>
  <pieceOfFurniture level='level0' catalogId='OlaKristianHoff#column_balustrade' name='Balustrade column' creator='Ola-Kristian Hoff' model='58/column_balustrade.obj' x='365.59235' y='2.5940485' elevation='119.38' width='29.845' depth='24.4475' height='61.9125' modelSize='27869' movable='false'/>
  <pieceOfFurniture level='level0' catalogId='OlaKristianHoff#column_balustrade' name='Balustrade column' creator='Ola-Kristian Hoff' model='58/column_balustrade.obj' x='395.43744' y='2.5940485' elevation='119.38' width='29.845' depth='24.4475' height='61.9125' modelSize='27869' movable='false'/>
  <pieceOfFurniture level='level0' catalogId='OlaKristianHoff#column_balustrade' name='Balustrade column' creator='Ola-Kristian Hoff' model='58/column_balustrade.obj' x='425.2824' y='2.5940485' elevation='119.38' width='29.845' depth='24.4475' height='61.9125' modelSize='27869' movable='false'/>
  <pieceOfFurniture level='level0' catalogId='OlaKristianHoff#column_balustrade' name='Balustrade column' creator='Ola-Kristian Hoff' model='58/column_balustrade.obj' x='455.12738' y='2.5940485' elevation='119.38' width='29.845' depth='24.4475' height='61.9125' modelSize='27869' movable='false'/>
  <pieceOfFurniture level='level0' catalogId='OlaKristianHoff#column_balustrade' name='Balustrade column' creator='Ola-Kristian Hoff' model='58/column_balustrade.obj' x='484.97235' y='2.5940485' elevation='119.38' width='29.845' depth='24.4475' height='61.9125' modelSize='27869' movable='false'/>
  <pieceOfFurniture level='level0' catalogId='OlaKristianHoff#column_balustrade' name='Balustrade column' creator='Ola-Kristian Hoff' model='58/column_balustrade.obj' x='514.8173' y='2.5940485' elevation='119.38' width='29.845' depth='24.4475' height='61.9125' modelSize='27869' movable='false'/>
  <pieceOfFurniture level='level0' catalogId='OlaKristianHoff#column_balustrade' name='Balustrade column' creator='Ola-Kristian Hoff' model='58/column_balustrade.obj' x='544.6623' y='2.5940485' elevation='119.38' width='29.845' depth='24.4475' height='61.9125' modelSize='27869' movable='false'/>
  <pieceOfFurniture level='level0' catalogId='OlaKristianHoff#column_balustrade' name='Balustrade column' creator='Ola-Kristian Hoff' model='58/column_balustrade.obj' x='574.50726' y='2.5940485' elevation='119.38' width='29.845' depth='24.4475' height='61.9125' modelSize='27869' movable='false'/>
  <pieceOfFurniture level='level0' catalogId='OlaKristianHoff#column_balustrade' name='Balustrade column' creator='Ola-Kristian Hoff' model='58/column_balustrade.obj' x='604.35223' y='2.5940485' elevation='119.38' width='29.845' depth='24.4475' height='61.9125' modelSize='27869' movable='false'/>
  <pieceOfFurniture level='level0' catalogId='OlaKristianHoff#column_balustrade' name='Balustrade column' creator='Ola-Kristian Hoff' model='58/column_balustrade.obj' x='634.1972' y='2.5940485' elevation='119.38' width='29.845' depth='24.4475' height='61.9125' modelSize='27869' movable='false'/>
  <pieceOfFurniture level='level0' catalogId='OlaKristianHoff#column_balustrade' name='Balustrade column' creator='Ola-Kristian Hoff' model='58/column_balustrade.obj' x='664.0422' y='2.5940485' elevation='119.38' width='29.845' depth='24.4475' height='61.9125' modelSize='27869' movable='false'/>
  <pieceOfFurniture level='level0' catalogId='OlaKristianHoff#column_balustrade' name='Balustrade column' creator='Ola-Kristian Hoff' model='58/column_balustrade.obj' x='693.88715' y='2.5940485' elevation='119.38' width='29.845' depth='24.4475' height='61.9125' modelSize='27869' movable='false'/>
  <pieceOfFurniture level='level0' catalogId='OlaKristianHoff#column_balustrade' name='Balustrade column' creator='Ola-Kristian Hoff' model='58/column_balustrade.obj' x='12.027557' y='57.708725' elevation='119.38' angle='1.5707964' width='29.845' depth='24.4475' height='61.9125' modelSize='27869' movable='false'/>
  <pieceOfFurniture level='level0' catalogId='OlaKristianHoff#column_balustrade' name='Balustrade column' creator='Ola-Kristian Hoff' model='58/column_balustrade.obj' x='12.027557' y='87.553635' elevation='119.38' angle='1.5707964' width='29.845' depth='24.4475' height='61.9125' modelSize='27869' movable='false'/>
  <pieceOfFurniture level='level0' catalogId='OlaKristianHoff#column_balustrade' name='Balustrade column' creator='Ola-Kristian Hoff' model='58/column_balustrade.obj' x='12.027557' y='117.39871' elevation='119.38' angle='1.5707964' width='29.845' depth='24.4475' height='61.9125' modelSize='27869' movable='false'/>
  <pieceOfFurniture level='level0' catalogId='OlaKristianHoff#column_balustrade' name='Balustrade column' creator='Ola-Kristian Hoff' model='58/column_balustrade.obj' x='12.027557' y='147.24365' elevation='119.38' angle='1.5707964' width='29.845' depth='24.4475' height='61.9125' modelSize='27869' movable='false'/>
  <pieceOfFurniture level='level0' catalogId='OlaKristianHoff#column_balustrade' name='Balustrade column' creator='Ola-Kristian Hoff' model='58/column_balustrade.obj' x='12.027557' y='177.08862' elevation='119.38' angle='1.5707964' width='29.845' depth='24.4475' height='61.9125' modelSize='27869' movable='false'/>
  <pieceOfFurniture level='level0' catalogId='OlaKristianHoff#column_balustrade' name='Balustrade column' creator='Ola-Kristian Hoff' model='58/column_balustrade.obj' x='12.027557' y='206.9336' elevation='119.38' angle='1.5707964' width='29.845' depth='24.4475' height='61.9125' modelSize='27869' movable='false'/>
  <pieceOfFurniture level='level0' catalogId='OlaKristianHoff#column_balustrade' name='Balustrade column' creator='Ola-Kristian Hoff' model='58/column_balustrade.obj' x='12.027557' y='236.77869' elevation='119.38' angle='1.5707964' width='29.845' depth='24.4475' height='61.9125' modelSize='27869' movable='false'/>
  <pieceOfFurniture level='level0' catalogId='OlaKristianHoff#column_balustrade' name='Balustrade column' creator='Ola-Kristian Hoff' model='58/column_balustrade.obj' x='12.027557' y='266.62375' elevation='119.38' angle='1.5707964' width='29.845' depth='24.4475' height='61.9125' modelSize='27869' movable='false'/>
  <pieceOfFurniture level='level0' catalogId='OlaKristianHoff#column_balustrade' name='Balustrade column' creator='Ola-Kristian Hoff' model='58/column_balustrade.obj' x='12.027557' y='296.46866' elevation='119.38' angle='1.5707964' width='29.845' depth='24.4475' height='61.9125' modelSize='27869' movable='false'/>
  <pieceOfFurniture level='level0' catalogId='OlaKristianHoff#column_balustrade' name='Balustrade column' creator='Ola-Kristian Hoff' model='58/column_balustrade.obj' x='12.027557' y='326.31363' elevation='119.38' angle='1.5707964' width='29.845' depth='24.4475' height='61.9125' modelSize='27869' movable='false'/>
  <pieceOfFurniture level='level0' catalogId='OlaKristianHoff#column_balustrade' name='Balustrade column' creator='Ola-Kristian Hoff' model='58/column_balustrade.obj' x='12.027557' y='356.15878' elevation='119.38' angle='1.5707964' width='29.845' depth='24.4475' height='61.9125' modelSize='27869' movable='false'/>
  <pieceOfFurniture level='level0' catalogId='OlaKristianHoff#column_balustrade' name='Balustrade column' creator='Ola-Kristian Hoff' model='58/column_balustrade.obj' x='12.027557' y='384.32083' elevation='119.38' angle='1.5707964' width='29.845' depth='24.4475' height='61.9125' modelSize='27869' movable='false'/>
  <pieceOfFurniture level='level0' catalogId='OlaKristianHoff#column_balustrade' name='Balustrade column' creator='Ola-Kristian Hoff' model='58/column_balustrade.obj' x='12.027557' y='414.1658' elevation='119.38' angle='1.5707964' width='29.845' depth='24.4475' height='61.9125' modelSize='27869' movable='false'/>
  <pieceOfFurniture level='level0' catalogId='OlaKristianHoff#column_balustrade' name='Balustrade column' creator='Ola-Kristian Hoff' model='58/column_balustrade.obj' x='12.027557' y='444.0109' elevation='119.38' angle='1.5707964' width='29.845' depth='24.4475' height='61.9125' modelSize='27869' movable='false'/>
  <pieceOfFurniture level='level0' catalogId='OlaKristianHoff#column_balustrade' name='Balustrade column' creator='Ola-Kristian Hoff' model='58/column_balustrade.obj' x='12.027557' y='473.85608' elevation='119.38' angle='1.5707964' width='29.845' depth='24.4475' height='61.9125' modelSize='27869' movable='false'/>
  <pieceOfFurniture level='level0' catalogId='OlaKristianHoff#column_balustrade' name='Balustrade column' creator='Ola-Kristian Hoff' model='58/column_balustrade.obj' x='12.027557' y='503.7008' elevation='119.38' angle='1.5707964' width='29.845' depth='24.4475' height='61.9125' modelSize='27869' movable='false'/>
  <pieceOfFurniture level='level0' catalogId='OlaKristianHoff#column_balustrade' name='Balustrade column' creator='Ola-Kristian Hoff' model='58/column_balustrade.obj' x='12.027557' y='533.5458' elevation='119.38' angle='1.5707964' width='29.845' depth='24.4475' height='61.9125' modelSize='27869' movable='false'/>
  <pieceOfFurniture level='level0' catalogId='OlaKristianHoff#column_balustrade' name='Balustrade column' creator='Ola-Kristian Hoff' model='58/column_balustrade.obj' x='12.027557' y='561.7077' elevation='119.38' angle='1.5707964' width='29.845' depth='24.4475' height='61.9125' modelSize='27869' movable='false'/>
  <pieceOfFurniture level='level0' catalogId='OlaKristianHoff#column_balustrade' name='Balustrade column' creator='Ola-Kristian Hoff' model='58/column_balustrade.obj' x='913.78864' y='19.258926' elevation='119.38' angle='1.5707961' width='29.845' depth='24.4475' height='61.9125' modelSize='27869' movable='false'/>
  <pieceOfFurniture level='level0' catalogId='OlaKristianHoff#column_balustrade' name='Balustrade column' creator='Ola-Kristian Hoff' model='58/column_balustrade.obj' x='913.78864' y='49.103897' elevation='119.38' angle='1.5707961' width='29.845' depth='24.4475' height='61.9125' modelSize='27869' movable='false'/>
  <pieceOfFurniture level='level0' catalogId='OlaKristianHoff#column_balustrade' name='Balustrade column' creator='Ola-Kristian Hoff' model='58/column_balustrade.obj' x='913.78864' y='78.94887' elevation='119.38' angle='1.5707961' width='29.845' depth='24.4475' height='61.9125' modelSize='27869' movable='false'/>
  <pieceOfFurniture level='level0' catalogId='OlaKristianHoff#column_balustrade' name='Balustrade column' creator='Ola-Kristian Hoff' model='58/column_balustrade.obj' x='913.78864' y='108.79378' elevation='119.38' angle='1.5707961' width='29.845' depth='24.4475' height='61.9125' modelSize='27869' movable='false'/>
  <pieceOfFurniture level='level0' catalogId='OlaKristianHoff#column_balustrade' name='Balustrade column' creator='Ola-Kristian Hoff' model='58/column_balustrade.obj' x='913.78864' y='138.63885' elevation='119.38' angle='1.5707961' width='29.845' depth='24.4475' height='61.9125' modelSize='27869' movable='false'/>
  <pieceOfFurniture level='level0' catalogId='OlaKristianHoff#column_balustrade' name='Balustrade column' creator='Ola-Kristian Hoff' model='58/column_balustrade.obj' x='913.78876' y='168.48383' elevation='119.38' angle='1.5707961' width='29.845' depth='24.4475' height='61.9125' modelSize='27869' movable='false'/>
  <pieceOfFurniture level='level0' catalogId='OlaKristianHoff#column_balustrade' name='Balustrade column' creator='Ola-Kristian Hoff' model='58/column_balustrade.obj' x='913.78876' y='198.3288' elevation='119.38' angle='1.5707961' width='29.845' depth='24.4475' height='61.9125' modelSize='27869' movable='false'/>
  <pieceOfFurniture level='level0' catalogId='OlaKristianHoff#column_balustrade' name='Balustrade column' creator='Ola-Kristian Hoff' model='58/column_balustrade.obj' x='913.78876' y='228.17377' elevation='119.38' angle='1.5707961' width='29.845' depth='24.4475' height='61.9125' modelSize='27869' movable='false'/>
  <pieceOfFurniture level='level0' catalogId='OlaKristianHoff#column_balustrade' name='Balustrade column' creator='Ola-Kristian Hoff' model='58/column_balustrade.obj' x='913.78876' y='258.0189' elevation='119.38' angle='1.5707961' width='29.845' depth='24.4475' height='61.9125' modelSize='27869' movable='false'/>
  <pieceOfFurniture level='level0' catalogId='OlaKristianHoff#column_balustrade' name='Balustrade column' creator='Ola-Kristian Hoff' model='58/column_balustrade.obj' x='913.78876' y='287.8638' elevation='119.38' angle='1.5707961' width='29.845' depth='24.4475' height='61.9125' modelSize='27869' movable='false'/>
  <pieceOfFurniture level='level0' catalogId='OlaKristianHoff#column_balustrade' name='Balustrade column' creator='Ola-Kristian Hoff' model='58/column_balustrade.obj' x='913.78876' y='317.70877' elevation='119.38' angle='1.5707961' width='29.845' depth='24.4475' height='61.9125' modelSize='27869' movable='false'/>
  <pieceOfFurniture level='level0' catalogId='OlaKristianHoff#column_balustrade' name='Balustrade column' creator='Ola-Kristian Hoff' model='58/column_balustrade.obj' x='913.78876' y='347.55386' elevation='119.38' angle='1.5707961' width='29.845' depth='24.4475' height='61.9125' modelSize='27869' movable='false'/>
  <pieceOfFurniture level='level0' catalogId='OlaKristianHoff#column_balustrade' name='Balustrade column' creator='Ola-Kristian Hoff' model='58/column_balustrade.obj' x='913.78876' y='377.39902' elevation='119.38' angle='1.5707961' width='29.845' depth='24.4475' height='61.9125' modelSize='27869' movable='false'/>
  <pieceOfFurniture level='level0' catalogId='OlaKristianHoff#column_balustrade' name='Balustrade column' creator='Ola-Kristian Hoff' model='58/column_balustrade.obj' x='913.78876' y='407.244' elevation='119.38' angle='1.5707961' width='29.845' depth='24.4475' height='61.9125' modelSize='27869' movable='false'/>
  <pieceOfFurniture level='level0' catalogId='OlaKristianHoff#column_balustrade' name='Balustrade column' creator='Ola-Kristian Hoff' model='58/column_balustrade.obj' x='913.78876' y='437.08896' elevation='119.38' angle='1.5707961' width='29.845' depth='24.4475' height='61.9125' modelSize='27869' movable='false'/>
  <pieceOfFurniture level='level0' catalogId='OlaKristianHoff#column_balustrade' name='Balustrade column' creator='Ola-Kristian Hoff' model='58/column_balustrade.obj' x='913.7889' y='466.93417' elevation='119.38' angle='1.5707961' width='29.845' depth='24.4475' height='61.9125' modelSize='27869' movable='false'/>
  <pieceOfFurniture level='level0' catalogId='OlaKristianHoff#column_balustrade' name='Balustrade column' creator='Ola-Kristian Hoff' model='58/column_balustrade.obj' x='913.7889' y='496.77924' elevation='119.38' angle='1.5707961' width='29.845' depth='24.4475' height='61.9125' modelSize='27869' movable='false'/>
  <pieceOfFurniture level='level0' catalogId='OlaKristianHoff#column_balustrade' name='Balustrade column' creator='Ola-Kristian Hoff' model='58/column_balustrade.obj' x='913.7889' y='526.62396' elevation='119.38' angle='1.5707961' width='29.845' depth='24.4475' height='61.9125' modelSize='27869' movable='false'/>
  <pieceOfFurniture level='level0' catalogId='OlaKristianHoff#column_balustrade' name='Balustrade column' creator='Ola-Kristian Hoff' model='58/column_balustrade.obj' x='913.7889' y='556.46893' elevation='119.38' angle='1.5707961' width='29.845' depth='24.4475' height='61.9125' modelSize='27869' movable='false'/>
  <pieceOfFurniture level='level0' catalogId='OlaKristianHoff#column_balustrade' name='Balustrade column' creator='Ola-Kristian Hoff' model='58/column_balustrade.obj' x='913.7889' y='586.3139' elevation='119.38' angle='1.5707961' width='29.845' depth='24.4475' height='61.9125' modelSize='27869' movable='false'/>
  <pieceOfFurniture level='level0' catalogId='Sheep#interrupteur' name='Switch' creator='Sheep' model='64' x='690.48175' y='-11.562853' elevation='114.935' angle='3.1415927' width='22.86' widthInPlan='22.859993' depth='10.16' height='15.24' heightInPlan='15.239999' modelSize='2500' movable='false'/>
  <doorOrWindow level='level4' catalogId='OlaKristianHoff#window_stain_glass' name='Window stain glass' creator='Ola-Kristian Hoff' model='66/window_stain_glass.obj' x='200.6672' y='1516.3276' elevation='139.7' angle='3.142757' width='91.44' widthInPlan='91.44001' depth='7.866556' height='53.34' modelSize='12109' movable='false' cutOutShape='M0,0 v1 h1 v-1 z' wallCutOutOnBothSides='true'/>
  <doorOrWindow level='level4' catalogId='OlaKristianHoff#window_stain_glass' name='Window stain glass' creator='Ola-Kristian Hoff' model='66/window_stain_glass.obj' x='10.5864105' y='1347.3411' elevation='139.7' angle='4.712389' width='91.44' widthInPlan='91.44001' depth='7.866556' height='53.34' modelSize='12109' movable='false' cutOutShape='M0,0 v1 h1 v-1 z' wallCutOutOnBothSides='true'/>
  <pieceOfFurniture level='level6' catalogId='eTeks#toiletUnit' name='Toilet unit' creator='eTeks' model='36' x='181.68176' y='1458.2963' angle='4.712389' width='58.42' depth='78.74' height='62.23' modelSize='125874' movable='false'/>
  <doorOrWindow level='level4' name='porta_scrigno' model='68/porta_scrigno.3ds.obj' x='472.874' y='1516.7759' angle='0.0011642855' width='144.78' widthInPlan='144.77998' depth='7.62075' height='226.3775' color='FF3A1700' modelRotation='0 0 -1 0 1 0 1 0 0' modelSize='110696' movable='false' wallCutOutOnBothSides='true'/>
  <pieceOfFurniture level='level4' catalogId='eTeks#bookcase' name='Bookcase' creator='eTeks' model='28' x='903.08545' y='1323.6283' angle='1.5695477' width='152.4' depth='27.939999' depthInPlan='27.939997' height='210.81999' modelSize='3516'/>
  <doorOrWindow level='level2' catalogId='OlaKristianHoff#window_stain_glass' name='Window stain glass' creator='Ola-Kristian Hoff' model='66/window_stain_glass.obj' x='3.6228898' y='755.43494' elevation='139.7' angle='4.712389' width='91.44' depth='7.866556' height='53.34' modelSize='12109' movable='false' cutOutShape='M0,0 v1 h1 v-1 z' wallCutOutOnBothSides='true'/>
  <doorOrWindow level='level7' catalogId='eTeks#openDoor' name='Open door' creator='eTeks' model='10' x='286.9612' y='585.57324' angle='1.5707964' width='100.33' depth='74.55076' height='218.44' modelMirrored='true' color='FF18001D' modelSize='13917' movable='false' cutOutShape='M0,0 v1 h1 v-1 z' wallCutOutOnBothSides='true'/>
  <doorOrWindow level='level7' catalogId='eTeks#doubleWindow126x123' name='Double small window' creator='eTeks' model='6' x='104.44561' y='523.42505' elevation='60.96' angle='1.7484555E-7' width='111.759995' widthInPlan='111.75999' depth='10.452342' height='101.6' heightInPlan='101.60001' color='FFB36B38' modelSize='13227' movable='false' cutOutShape='M0,0 v1 h1 v-1 z' wallCutOutOnBothSides='true'/>
  <doorOrWindow level='level7' catalogId='eTeks#doubleWindow126x123' name='Double small window' creator='eTeks' model='6' x='216.2056' y='523.42505' elevation='60.96' angle='1.7484555E-7' width='111.759995' widthInPlan='111.75999' depth='10.452342' height='101.6' heightInPlan='101.60001' color='FFB36B38' modelSize='13227' movable='false' cutOutShape='M0,0 v1 h1 v-1 z' wallCutOutOnBothSides='true'/>
  <pieceOfFurniture level='level7' catalogId='eTeks#staircase' name='Staircase' creator='eTeks' model='34' x='490.09784' y='751.93207' angle='3.1415927' width='116.84' widthInPlan='116.840004' depth='157.48' depthInPlan='157.48007' height='154.94' heightInPlan='154.94003' modelSize='13928' movable='false' staircaseCutOutShape='M0,0 v1 h1 v-1 z'/>
  <doorOrWindow level='level7' catalogId='OlaKristianHoff#fixed_window_2x2' name='Fixed small window' creator='Ola-Kristian Hoff' model='70/fixed_window_2x2.obj' x='554.80273' y='566.3129' elevation='12.7' angle='4.712389' width='35.559998' widthInPlan='35.559994' depth='7.866556' height='35.559998' heightInPlan='35.559982' color='FFB36B38' modelSize='9276' movable='false' cutOutShape='M0,0 v1 h1 v-1 z' wallCutOutOnBothSides='true'/>
  <doorOrWindow level='level7' catalogId='eTeks#halfRoundWindow' name='Half round window' creator='eTeks' model='72' x='552.99677' y='566.4288' elevation='50.8' angle='4.712389' width='35.559998' widthInPlan='35.559994' depth='7.62075' height='20.32' color='FFB36B38' modelSize='8190' movable='false' cutOutShape='M0,1 a0.5,0.997 0 1,1 1,0 z' wallCutOutOnBothSides='true'/>
  <pieceOfFurniture level='level7' catalogId='OlaKristianHoff#fence_grid' name='Fence grid' creator='Ola-Kristian Hoff' model='74/fence_grid.obj' x='465.64944' y='518.0405' elevation='83.82' angle='3.1415927' width='83.82' depth='0.3175' height='137.16' modelSize='17511' movable='false'>
    <material name='Frame'/>
    <material name='default' color='FF24001D'/>
  </pieceOfFurniture>
  <pieceOfFurniture level='level4' catalogId='LucaPresidente#mensolaAcero' name='Shelf maple' creator='LucaPresidente' model='76/mensolaAcero.obj' x='279.4969' y='1023.53436' elevation='269.24' angle='1.5707964' width='408.94' widthInPlan='408.93994' depth='58.42' height='5.08' modelRotation='0 0 1 0 1 0 -1 0 0' modelSize='25140'/>
  <pieceOfFurniture level='level4' catalogId='LucaPresidente#mensolaAcero' name='Shelf maple' creator='LucaPresidente' model='76/mensolaAcero.obj' x='446.4216' y='1208.4037' elevation='251.45999' angle='3.1355126' width='246.37999' widthInPlan='246.38004' depth='60.96' depthInPlan='60.959995' height='5.08' modelRotation='0 0 1 0 1 0 -1 0 0' modelSize='25140'/>
  <pieceOfFurniture level='level4' catalogId='LucaPresidente#mensolaAcero' name='Shelf maple' creator='LucaPresidente' model='76/mensolaAcero.obj' x='434.8264' y='951.1158' elevation='251.45999' width='231.14' widthInPlan='231.14005' depth='55.879997' height='5.08' modelRotation='0 0 1 0 1 0 -1 0 0' modelSize='25140'/>
  <pieceOfFurniture level='level4' catalogId='LucaPresidente#mensolaAcero' name='Shelf maple' creator='LucaPresidente' model='76/mensolaAcero.obj' x='854.48676' y='1009.4996' elevation='129.8575' width='106.68' depth='45.72' height='5.08' modelRotation='0 0 1 0 1 0 -1 0 0' modelSize='25140'/>
  <pieceOfFurniture level='level4' catalogId='LucaPresidente#mensolaAcero' name='Shelf maple' creator='LucaPresidente' model='76/mensolaAcero.obj' x='858.3679' y='1009.4996' elevation='175.26' width='106.68' depth='45.72' height='5.08' modelRotation='0 0 1 0 1 0 -1 0 0' modelSize='25140'/>
  <doorOrWindow level='level4' catalogId='Scopia#double_door_2' name='Double door' creator='Scopia' model='78/double_door_2.obj' x='282.61743' y='1337.2487' angle='4.712389' width='81.28' depth='17.780748' height='209.8675' color='FF809EFF' modelSize='160257' movable='false' cutOutShape='M0,0 v1 h1 v-1 z' wallCutOutOnBothSides='true'/>
  <doorOrWindow level='level4' catalogId='Scopia#double_door_2' name='Double door' creator='Scopia' model='78/double_door_2.obj' x='282.61743' y='1455.7135' angle='4.712389' width='81.28' depth='17.780748' height='209.8675' color='FF809EFF' modelSize='160257' movable='false' cutOutShape='M0,0 v1 h1 v-1 z' wallCutOutOnBothSides='true'/>
  <pieceOfFurniture level='level6' catalogId='LucaPresidente#mensolaAcero' name='Shelf maple' creator='LucaPresidente' model='76/mensolaAcero.obj' x='134.73999' y='1336.3195' elevation='127.0' angle='1.5707964' width='111.759995' widthInPlan='111.76003' depth='22.86' depthInPlan='22.859999' height='5.08' modelRotation='0 0 1 0 1 0 -1 0 0' modelSize='25140'/>
  <pieceOfFurniture level='level4' name='KitchenBar' creator='Salil' model='80/model.obj' x='745.68' y='1481.3358' angle='3.1415927' width='332.74' depth='68.58' height='287.3375' modelSize='2099222'/>
  <doorOrWindow level='level8' catalogId='Scopia#double_door_2' name='Double door' creator='Scopia' model='78/double_door_2.obj' x='282.61743' y='1340.2815' elevation='5.08' angle='4.712389' width='91.44' widthInPlan='91.439995' depth='17.780748' height='76.2' heightInPlan='76.19999' color='FF3A1700' modelSize='160257' movable='false' cutOutShape='M0,0 v1 h1 v-1 z' wallCutOutOnBothSides='true'/>
  <doorOrWindow level='level8' catalogId='Scopia#double_door_2' name='Double door' creator='Scopia' model='78/double_door_2.obj' x='63.9474' y='1240.7921' elevation='5.08' angle='3.1415927' width='91.44' widthInPlan='91.439995' depth='17.780748' height='76.2' heightInPlan='76.19999' color='FF3A1700' modelSize='160257' movable='false' cutOutShape='M0,0 v1 h1 v-1 z' wallCutOutOnBothSides='true'/>
  <pieceOfFurniture level='level4' catalogId='LucaPresidente#mensolaAcero' name='Shelf maple' creator='LucaPresidente' model='76/mensolaAcero.obj' x='595.82' y='1312.211' elevation='274.32' angle='1.5707964' width='58.42' depth='33.02' height='5.08' modelRotation='0 0 1 0 1 0 -1 0 0' modelSize='25140'/>
  <pieceOfFurniture level='level4' catalogId='Scopia#white_kitchen_table' name='Table' creator='Scopia' model='82/white_kitchen_table.obj' x='682.91504' y='1132.2878' angle='1.5707964' width='142.23999' depth='96.52' depthInPlan='96.52001' height='74.93' modelSize='10368'>
    <material name='1_1'/>
    <material name='2_2' color='FF3A1700'/>
  </pieceOfFurniture>
  <pieceOfFurniture level='level4' catalogId='Sleipnir1#chair2' name='Chair' creator='Sleipnir1' model='26' x='683.6883' y='1047.8097' width='38.4175' depth='52.07' height='98.1075' modelSize='22105'/>
  <pieceOfFurniture level='level4' catalogId='Sleipnir1#chair2' name='Chair' creator='Sleipnir1' model='26' x='686.7262' y='1201.2233' angle='3.1415927' width='38.4175' depth='52.07' height='98.1075' modelSize='22105'/>
  <pieceOfFurniture level='level4' catalogId='Sleipnir1#chair2' name='Chair' creator='Sleipnir1' model='26' x='739.88934' y='1108.5674' angle='1.5707964' width='38.4175' depth='52.07' height='98.1075' modelSize='22105'/>
  <pieceOfFurniture level='level4' catalogId='Sleipnir1#chair2' name='Chair' creator='Sleipnir1' model='26' x='742.6026' y='1155.6549' angle='1.5707964' width='38.4175' depth='52.07' height='98.1075' modelSize='22105'/>
  <pieceOfFurniture level='level4' catalogId='Sleipnir1#chair2' name='Chair' creator='Sleipnir1' model='26' x='628.6816' y='1114.6434' angle='4.712389' width='38.4175' depth='52.07' height='98.1075' modelSize='22105'/>
  <pieceOfFurniture level='level4' catalogId='Sleipnir1#chair2' name='Chair' creator='Sleipnir1' model='26' x='628.6816' y='1161.7307' angle='4.712389' width='38.4175' depth='52.07' height='98.1075' modelSize='22105'/>
  <pieceOfFurniture level='level6' catalogId='Pastierovic#guitar' name='Guitar' creator='Robert Pastierovic' model='84' x='341.8973' y='1117.3557' width='38.735' depth='5.08' height='97.472496' modelRotation='1 0 0 0 0 -1 0 1 0' modelSize='71382'/>
  <doorOrWindow level='level2' catalogId='Kator Legaz#exterior-door-05' name='Exterior door' creator='Kator Legaz' model='86/exterior-door-05.obj' x='250.31372' y='603.37946' angle='1.7484555E-7' width='99.06' depth='9.398749' height='205.105' modelSize='120123' movable='false' cutOutShape='M0,0 v1 h1 v-1 z' wallCutOutOnBothSides='true'/>
  <doorOrWindow level='level4' catalogId='Kator Legaz#exterior-door-01' name='Exterior door' creator='Kator Legaz' model='88/exterior-door-01.obj' x='555.44183' y='926.4055' angle='4.712389' width='104.775' depth='9.14475' height='207.9625' modelMirrored='true' modelSize='117804' movable='false' cutOutShape='M0,0 v1 h1 v-1 z' wallCutOutOnBothSides='true'/>
  <doorOrWindow level='level4' catalogId='Kator Legaz#exterior-door-01' name='Exterior door' creator='Kator Legaz' model='88/exterior-door-01.obj' x='317.95782' y='926.4056' angle='1.5707964' width='104.775' depth='9.14475' height='207.9625' modelSize='117804' movable='false' cutOutShape='M0,0 v1 h1 v-1 z' wallCutOutOnBothSides='true'/>
  <doorOrWindow level='level4' catalogId='Kator Legaz#exterior-door-05' name='Exterior door' creator='Kator Legaz' model='86/exterior-door-05.obj' x='494.09912' y='984.23206' angle='6.2747097' width='99.06' depth='9.398749' height='205.105' modelMirrored='true' modelSize='120123' movable='false' cutOutShape='M0,0 v1 h1 v-1 z' wallCutOutOnBothSides='true'/>
  <doorOrWindow level='level4' catalogId='Kator Legaz#exterior-door-05' name='Exterior door' creator='Kator Legaz' model='86/exterior-door-05.obj' x='256.79684' y='816.1434' width='99.06' depth='9.398749' height='205.105' modelSize='120123' movable='false' cutOutShape='M0,0 v1 h1 v-1 z' wallCutOutOnBothSides='true'/>
  <doorOrWindow level='level2' catalogId='Pencilart#accordionFoldDoors' name='Accordion fold doors' creator='Pencilart' model='90/accordionFoldDoors.obj' x='436.83228' y='549.80035' angle='3.1415927' width='231.14' widthInPlan='231.14003' depth='102.90125' depthInPlan='102.901245' height='220.0275' modelMirrored='true' modelSize='35114' movable='false' cutOutShape='M0,0 v1 h1 v-1 z' wallCutOutOnBothSides='true'>
    <material name='Glass'/>
    <material name='white' color='FF004D5B'/>
  </doorOrWindow>
  <doorOrWindow level='level2' catalogId='Artist373#fivePanesWindow' name='Five panes window' creator='Artist373' model='92' x='101.086395' y='604.3956' elevation='91.44' angle='3.1479375' width='163.83' depth='18.039932' height='143.51' modelSize='90535' movable='false' cutOutShape='M0,0 v1 h1 v-1 z' wallCutOutOnBothSides='true'/>
  <pieceOfFurniture level='level1' catalogId='Scopia#garden-faucet' name='Garden faucet' creator='Scopia' model='60/garden-faucet.obj' x='353.77948' y='1502.826' elevation='100.0125' angle='3.142757' width='5.08' depth='20.0025' height='15.5575' modelSize='39533' movable='false'/>
  <pieceOfFurniture level='level4' catalogId='Pencilart#largeCouch' name='Large couch' creator='Pencilart' model='94/largeCouch.obj' x='596.58984' y='768.4294' angle='4.712389' width='208.28' depth='76.2' height='74.93' modelSize='2823119'/>
  <pieceOfFurniture level='level4' catalogId='Pencilart#singleChair' name='Armchair' creator='Pencilart' model='96/singleChair.obj' x='878.0537' y='770.5418' angle='1.5707964' width='101.2825' depth='77.1525' height='74.93' modelSize='1162704'/>
  <pieceOfFurniture level='level4' catalogId='Pencilart#singleChair' name='Armchair' creator='Pencilart' model='96/singleChair.obj' x='878.0537' y='871.82434' angle='1.5707964' width='101.2825' depth='77.1525' height='74.93' modelSize='1162704'/>
  <doorOrWindow level='level10' catalogId='Scopia#window_2x1_with_sliders' name='Sliding window' creator='Scopia' model='98/window_2x1_with_sliders.obj' x='3.4999804' y='1252.6449' elevation='11.1125' angle='1.5707964' width='187.95999' depth='7.62075' height='218.1225' modelSize='18793' movable='false' cutOutShape='M0,0 v1 h1 v-1 z' wallCutOutOnBothSides='true'>
    <material name='Cage_in'/>
    <material name='Frame_in' color='FF24001D'/>
  </doorOrWindow>
  <doorOrWindow level='level10' catalogId='Scopia#window_2x1_with_sliders' name='Sliding window' creator='Scopia' model='98/window_2x1_with_sliders.obj' x='736.10913' y='1516.1184' elevation='11.1125' angle='6.278616' width='187.95999' depth='7.62075' height='218.1225' modelSize='18793' movable='false' cutOutShape='M0,0 v1 h1 v-1 z' wallCutOutOnBothSides='true'>
    <material name='Frame_in' color='FF24001D'/>
  </doorOrWindow>
  <doorOrWindow level='level10' catalogId='OlaKristianHoff#window_stain_glass' name='Window stain glass' creator='Ola-Kristian Hoff' model='66/window_stain_glass.obj' x='3.3770177' y='1461.3601' elevation='185.42' angle='1.5707964' width='76.2' depth='7.866556' height='43.18' heightInPlan='43.180004' modelSize='12109' movable='false' cutOutShape='M0,0 v1 h1 v-1 z' wallCutOutOnBothSides='true'>
    <material name='Cage_in' color='FFB36B38'/>
  </doorOrWindow>
  <doorOrWindow level='level10' catalogId='eTeks#openDoor' name='Open door' creator='eTeks' model='10' x='289.43768' y='1147.1815' angle='1.5707964' width='91.44' depth='67.945' height='208.28' modelSize='13917' movable='false' cutOutShape='M0,0 v1 h1 v-1 z' wallCutOutOnBothSides='true'>
    <material name='white' color='FF004D5B'/>
  </doorOrWindow>
  <doorOrWindow level='level10' catalogId='eTeks#openDoor' name='Open door' creator='eTeks' model='10' x='583.9621' y='1147.1815' angle='4.712389' width='91.44' depth='67.945' height='208.28' modelMirrored='true' modelSize='13917' movable='false' cutOutShape='M0,0 v1 h1 v-1 z' wallCutOutOnBothSides='true'>
    <material name='white' color='FF004D5B'/>
  </doorOrWindow>
  <doorOrWindow level='level10' catalogId='eTeks#openDoor' name='Open door' creator='eTeks' model='10' x='289.43768' y='996.8354' angle='1.5707964' width='91.44' depth='67.945' height='208.28' modelMirrored='true' modelSize='13917' movable='false' cutOutShape='M0,0 v1 h1 v-1 z' wallCutOutOnBothSides='true'>
    <material name='white' color='FF004D5B'/>
  </doorOrWindow>
  <doorOrWindow level='level10' catalogId='eTeks#openDoor' name='Open door' creator='eTeks' model='10' x='583.9619' y='1034.4177' angle='4.712389' width='91.44' depth='67.945' height='208.28' modelSize='13917' movable='false' cutOutShape='M0,0 v1 h1 v-1 z' wallCutOutOnBothSides='true'>
    <material name='white' color='FF004D5B'/>
  </doorOrWindow>
  <doorOrWindow level='level10' catalogId='Scopia#window_2x1_with_sliders' name='Sliding window' creator='Scopia' model='98/window_2x1_with_sliders.obj' x='3.4999948' y='926.7156' elevation='11.1125' angle='1.5707964' width='187.95999' depth='7.62075' height='218.1225' modelSize='18793' movable='false' cutOutShape='M0,0 v1 h1 v-1 z' wallCutOutOnBothSides='true'>
    <material name='Cage_in'/>
    <material name='Frame_in' color='FF24001D'/>
  </doorOrWindow>
  <doorOrWindow level='level10' catalogId='Kator Legaz#exterior-door-01' name='Exterior door' creator='Kator Legaz' model='88/exterior-door-01.obj' x='477.32782' y='1516.1855' angle='3.1415927' width='104.775' depth='9.14475' height='207.9625' modelSize='117804' movable='false' cutOutShape='M0,0 v1 h1 v-1 z' wallCutOutOnBothSides='true'/>
  <doorOrWindow level='level10' catalogId='OlaKristianHoff#sliderPocketDoor' name='Slider pocket door' creator='Ola-Kristian Hoff' model='100/sliderPocketDoor.obj' x='151.26053' y='1394.3114' width='78.74' widthInPlan='78.740005' depth='7.62075' height='212.4075' modelSize='5666' movable='false' cutOutShape='M0,0 v1 h1 v-1 z' wallCutOutOnBothSides='true'/>
  <doorOrWindow level='level10' catalogId='OlaKristianHoff#sliderPocketDoor' name='Slider pocket door' creator='Ola-Kristian Hoff' model='100/sliderPocketDoor.obj' x='365.0071' y='1392.6284' width='78.74' widthInPlan='78.740005' depth='7.62075' height='212.4075' modelSize='5666' movable='false' cutOutShape='M0,0 v1 h1 v-1 z' wallCutOutOnBothSides='true'/>
  <doorOrWindow level='level10' catalogId='Scopia#window_2x3_regular' name='Double window 3 panes' creator='Scopia' model='102/window_2x3_regular.obj' x='319.77728' y='881.3754' elevation='99.06' angle='4.712389' width='108.585' depth='9.735688' height='106.68' modelSize='61539' movable='false' cutOutShape='M0,0 v1 h1 v-1 z' wallCutOutOnBothSides='true'>
    <material name='Cage_in'/>
    <material name='Frame_in' color='FFB36B38'/>
  </doorOrWindow>
  <doorOrWindow level='level10' catalogId='Scopia#window_2x1_with_sliders' name='Sliding window' creator='Scopia' model='98/window_2x1_with_sliders.obj' x='813.49567' y='667.23627' elevation='11.1125' angle='3.1415927' width='187.95999' depth='7.62075' height='218.1225' modelSize='18793' movable='false' cutOutShape='M0,0 v1 h1 v-1 z' wallCutOutOnBothSides='true'>
    <material name='Cage_in'/>
    <material name='Frame_in' color='FF24001D'/>
  </doorOrWindow>
  <doorOrWindow level='level10' catalogId='Kator Legaz#exterior-door-01' name='Exterior door' creator='Kator Legaz' model='88/exterior-door-01.obj' x='615.3376' y='666.47424' angle='3.1415927' width='104.775' depth='9.14475' height='207.9625' modelSize='117804' movable='false' cutOutShape='M0,0 v1 h1 v-1 z' wallCutOutOnBothSides='true'/>
  <pieceOfFurniture level='level10' catalogId='Blend Swap CC-0#flowerBox' name='Flower box' creator='MattMump' model='104/flowerBox.obj' x='-22.05883' y='1590.4305' angle='3.1415927' width='54.927498' depth='16.8275' height='19.3675' modelSize='2157319'/>
  <pieceOfFurniture level='level10' catalogId='Blend Swap CC-0#flowerBox' name='Flower box' creator='MattMump' model='104/flowerBox.obj' x='-57.936333' y='1571.3805' angle='4.712389' width='54.927498' depth='16.8275' height='19.3675' modelSize='2157319'/>
  <pieceOfFurniture level='level10' catalogId='Blend Swap CC-0#flowerBox' name='Flower box' creator='MattMump' model='104/flowerBox.obj' x='910.75604' y='1564.6483' angle='1.5707964' width='54.927498' depth='16.8275' height='19.3675' modelSize='2157319'/>
  <pieceOfFurniture level='level10' catalogId='Blend Swap CC-0#flowerBox' name='Flower box' creator='MattMump' model='104/flowerBox.obj' x='-35.523186' y='827.47815' angle='3.1415927' width='54.927498' depth='16.8275' height='19.3675' modelSize='2157319'/>
  <pieceOfFurniture level='level10' catalogId='OlaKristianHoff#fence_grid' name='Fence grid' creator='Ola-Kristian Hoff' model='74/fence_grid.obj' x='377.1398' y='824.9894' width='109.22' widthInPlan='109.21999' depth='2.54' height='78.74' modelSize='17511' movable='false'/>
  <pieceOfFurniture level='level10' catalogId='Kator Legaz#showerHeadAndFaucet' name='Shower head and faucet' creator='Kator Legaz' model='38/showerHeadAndFaucet.obj' x='101.74818' y='1501.8662' elevation='120.9675' angle='3.1415927' width='24.4475' depth='22.5425' height='88.9' modelSize='486573'/>
  <pieceOfFurniture level='level10' catalogId='Blend Swap CC-0#towel3' name='Towel rack' creator='Wfg5001' model='106/towel3.obj' x='194.42125' y='1467.8701' elevation='86.994995' angle='1.5707964' width='59.69' depth='8.255' height='47.9425' modelSize='78625'/>
  <pieceOfFurniture level='level10' catalogId='Kator Legaz#showerHeadAndFaucet' name='Shower head and faucet' creator='Kator Legaz' model='38/showerHeadAndFaucet.obj' x='300.87384' y='1501.8662' elevation='120.9675' angle='3.1415927' width='24.4475' depth='22.5425' height='88.9' modelSize='486573'/>
  <pieceOfFurniture level='level10' catalogId='Blend Swap CC-0#towel3' name='Towel rack' creator='Wfg5001' model='106/towel3.obj' x='283.13235' y='1400.5659' elevation='86.994995' width='59.69' depth='8.255' height='47.9425' modelSize='78625'/>
  <pieceOfFurniture level='level10' catalogId='Blend Swap CC-BY#toilets_unit_jay_hardy' name='Toilets unit' creator='Jay-Artist' model='108/toilets_unit_jay_hardy.obj' x='38.331238' y='1485.9912' angle='3.1415927' width='41.274998' depth='54.2925' height='76.5175' modelSize='849874' movable='false'/>
  <pieceOfFurniture level='level10' catalogId='Blend Swap CC-BY#toilets_unit_jay_hardy' name='Toilets unit' creator='Jay-Artist' model='108/toilets_unit_jay_hardy.obj' x='238.6134' y='1485.9912' angle='3.1415927' width='41.274998' depth='54.2925' height='76.5175' modelSize='849874' movable='false'/>
  <pieceOfFurniture level='level10' catalogId='LucaPresidente#mobilettoSpecchioWenge' name='Mirror cabinet' creator='LucaPresidente' model='110/mobilettoSpecchioWenge.obj' x='180.13373' y='1482.883' elevation='100.0125' angle='1.5707964' width='60.96' depth='20.32' depthInPlan='20.320002' height='72.0725' modelSize='84900'/>
  <pieceOfFurniture level='level10' catalogId='LucaPresidente#mobilettoSpecchioBlu' name='Mirror' creator='LucaPresidente' model='112/mobilettoSpecchioBlu.obj' x='394.80508' y='1478.2124' elevation='109.854996' angle='1.5707964' width='69.85' depth='12.3825' height='60.0075' modelSize='42140'/>
  <doorOrWindow level='level10' catalogId='OlaKristianHoff#window_stain_glass' name='Window stain glass' creator='Ola-Kristian Hoff' model='66/window_stain_glass.obj' x='366.58786' y='1517.0703' elevation='198.12' width='50.8' widthInPlan='50.799995' depth='7.866556' height='25.4' modelSize='12109' movable='false' cutOutShape='M0,0 v1 h1 v-1 z' wallCutOutOnBothSides='true'>
    <material name='Cage_in' color='FFB36B38'/>
  </doorOrWindow>
  <pieceOfFurniture level='level10' catalogId='Blend Swap CC-0#flowerBox' name='Flower box' creator='MattMump' model='104/flowerBox.obj' x='910.75604' y='603.6303' angle='1.5707964' width='54.927498' depth='16.8275' height='19.3675' modelSize='2157319'/>
  <pieceOfFurniture level='level10' catalogId='OlaKristianHoff#wash_basin_corner' name='Corner washbasin' creator='Ola-Kristian Hoff' model='114/wash_basin_corner.obj' x='165.36996' y='1488.2137' elevation='14.9225' angle='1.5707964' width='49.8475' depth='49.8475' height='80.9625' modelSize='24562'/>
  <pieceOfFurniture level='level10' catalogId='OlaKristianHoff#wash_basin_corner' name='Corner washbasin' creator='Ola-Kristian Hoff' model='114/wash_basin_corner.obj' x='376.07263' y='1488.2137' elevation='14.9225' angle='1.5707964' width='49.8475' depth='49.8475' height='80.9625' modelSize='24562'/>
  <pieceOfFurniture level='level0' catalogId='OlaKristianHoff#column_balustrade' name='Balustrade column' creator='Ola-Kristian Hoff' model='58/column_balustrade.obj' x='12.801575' y='587.1241' elevation='119.38' angle='1.5707964' width='29.845' depth='24.4475' height='61.9125' modelSize='27869' movable='false'/>
  <doorOrWindow level='level8' catalogId='OlaKristianHoff#fixed_window_2x2' name='Fixed small window' creator='Ola-Kristian Hoff' model='70/fixed_window_2x2.obj' x='456.70728' y='1242.6316' elevation='27.939999' angle='6.2771053' width='53.34' depth='7.62' height='45.72' heightInPlan='45.719997' modelSize='9276' movable='false' cutOutShape='M0,0 v1 h1 v-1 z' wallCutOutOnBothSides='true'>
    <material name='Cage_in' color='FF3A1700'/>
    <material name='Frame_in' color='FFB36B38'/>
  </doorOrWindow>
  <doorOrWindow level='level8' catalogId='OlaKristianHoff#fixed_window_2x2' name='Fixed small window' creator='Ola-Kristian Hoff' model='70/fixed_window_2x2.obj' x='318.59692' y='1139.9098' elevation='35.559998' angle='1.5707964' width='53.34' depth='7.866556' height='45.72' modelSize='9276' movable='false' cutOutShape='M0,0 v1 h1 v-1 z' wallCutOutOnBothSides='true'>
    <material name='Cage_in' color='FF3A1700'/>
    <material name='Frame_in' color='FFB36B38'/>
  </doorOrWindow>
  <wall id='wall0' level='level0' wallAtStart='wall13' xStart='920.4398' yStart='-0.6904125' xEnd='920.4398' yEnd='-0.6904125' height='243.84' thickness='7.62' pattern='hatchUp'/>
  <wall id='wall1' level='level0' wallAtStart='wall12' xStart='3.5' yStart='-0.6904125' xEnd='702.0' yEnd='-0.6904125' height='123.825' thickness='7.62' pattern='hatchUp'/>
  <wall id='wall2' level='level0' wallAtEnd='wall20' xStart='575.5' yStart='1519.0332' xEnd='575.5' yEnd='1244.7133' height='426.71997' thickness='7.62' pattern='hatchUp'/>
  <wall id='wall3' level='level0' wallAtEnd='wall4' xStart='793.5' yStart='1241.9095' xEnd='793.5' yEnd='982.8296' height='335.27997' thickness='7.62' pattern='hatchUp' leftSideColor='FFFBFFD8'/>
  <wall id='wall4' level='level0' wallAtStart='wall3' xStart='793.5' yStart='982.8296' xEnd='920.4398' yEnd='982.8296' height='426.71997' thickness='7.62' pattern='hatchUp' leftSideColor='FFFBFFD8'/>
  <wall id='wall5' level='level0' wallAtStart='wall33' xStart='793.5' yStart='982.8296' xEnd='793.5' yEnd='944.7296' height='426.71997' thickness='7.62' pattern='hatchUp' leftSideColor='FFFBFFD8' rightSideColor='FFFBFFD8'/>
  <wall id='wall6' level='level0' wallAtEnd='wall7' xStart='920.4398' yStart='602.64343' xEnd='554.6798' yEnd='602.64343' height='426.71997' thickness='7.62' pattern='hatchUp'>
    <baseboard attribute='leftSideBaseboard' thickness='1.0' height='6.35' color='FFFFDF49'/>
    <baseboard attribute='rightSideBaseboard' thickness='1.0' height='6.35' color='FFFFDF49'/>
  </wall>
  <wall id='wall7' level='level0' wallAtStart='wall6' wallAtEnd='wall8' xStart='554.6798' yStart='602.64343' xEnd='554.6798' yEnd='982.8296' height='426.71997' thickness='7.62' pattern='hatchUp' leftSideColor='FFFFF4C8'/>
  <wall id='wall8' level='level0' wallAtStart='wall7' wallAtEnd='wall25' xStart='554.6798' yStart='982.8296' xEnd='318.71982' yEnd='984.8296' height='426.71997' thickness='7.62' pattern='hatchUp' leftSideColor='FFFBFFD8'/>
  <wall id='wall9' level='level0' wallAtStart='wall26' xStart='318.71982' yStart='602.4905' xEnd='3.5' yEnd='602.4905' height='314.96' thickness='7.62' pattern='hatchUp' leftSideColor='FFFBFFD8' rightSideColor='FFFBFFD8'/>
  <wall id='wall10' level='level0' xStart='318.71982' yStart='982.8296' xEnd='318.71982' yEnd='1241.9095' height='426.71997' thickness='7.62' pattern='hatchUp' leftSideColor='FFFBFFD8'/>
  <wall id='wall11' level='level0' wallAtStart='wall38' xStart='3.5' yStart='815.2544' xEnd='318.71982' yEnd='815.2544' height='426.71997' thickness='7.62' pattern='hatchUp' leftSideColor='FFFBFFD8'/>
  <wall id='wall12' level='level0' wallAtStart='wall1' wallAtEnd='wall17' xStart='3.5' yStart='-0.6904125' xEnd='3.5' yEnd='604.00946' height='123.825' thickness='7.62' pattern='hatchUp'/>
  <wall id='wall13' level='level0' wallAtStart='wall19' wallAtEnd='wall0' xStart='920.43994' yStart='606.0095' xEnd='920.4398' yEnd='-0.6904125' height='123.825' thickness='7.62' pattern='hatchUp'/>
  <wall id='wall14' level='level0' xStart='119.5' yStart='1396.0095' xEnd='281.5' yEnd='1396.0095' height='243.84' thickness='7.62' pattern='hatchUp'/>
  <wall id='wall15' level='level0' wallAtEnd='wall27' xStart='3.5' yStart='1241.9095' xEnd='119.5' yEnd='1241.9095' height='426.71997' thickness='7.62' pattern='hatchUp'/>
  <wall id='wall16' level='level0' wallAtStart='wall41' wallAtEnd='wall42' xStart='281.5' yStart='1273.3431' xEnd='119.5' yEnd='1273.3431' height='426.71997' thickness='7.62' pattern='hatchUp'/>
  <wall id='wall17' level='level0' wallAtStart='wall12' wallAtEnd='wall31' xStart='3.5' yStart='604.00946' xEnd='3.4999814' yEnd='815.2544' height='314.96' thickness='7.62' pattern='hatchUp' leftSideColor='FFFBFFD8'/>
  <wall id='wall18' level='level0' wallAtStart='wall24' wallAtEnd='wall19' xStart='921.1068' yStart='1516.8962' xEnd='920.43994' yEnd='982.8296' height='426.71997' thickness='7.62' pattern='hatchUp'/>
  <wall id='wall19' level='level0' wallAtStart='wall18' wallAtEnd='wall13' xStart='920.43994' yStart='982.8296' xEnd='920.43994' yEnd='606.0095' height='426.71997' thickness='7.62' pattern='hatchUp' leftSideColor='FFFFF4C8'/>
  <wall id='wall20' level='level0' wallAtStart='wall2' wallAtEnd='wall21' xStart='575.5' yStart='1244.7133' xEnd='793.5' yEnd='1241.9095' height='426.71997' thickness='7.62' pattern='hatchUp' leftSideColor='FFFBFFD8'/>
  <wall id='wall21' level='level0' wallAtStart='wall20' xStart='793.5' yStart='1241.9095' xEnd='920.4398' yEnd='1241.9095' height='426.71997' thickness='7.62' pattern='hatchUp'/>
  <wall id='wall22' level='level0' wallAtStart='wall29' wallAtEnd='wall23' xStart='281.5' yStart='1243.4708' xEnd='318.71982' yEnd='1243.4708' height='426.71997' thickness='7.62' pattern='hatchUp'/>
  <wall id='wall23' level='level0' wallAtStart='wall22' xStart='318.71982' yStart='1243.4708' xEnd='575.5' yEnd='1241.9095' height='426.71997' thickness='7.62' pattern='hatchUp' leftSideColor='FFFBFFD8'/>
  <wall id='wall24' level='level0' wallAtStart='wall45' wallAtEnd='wall18' xStart='576.1669' yStart='1516.8962' xEnd='921.1068' yEnd='1516.8962' height='426.71997' thickness='7.62' pattern='hatchUp'/>
  <wall id='wall25' level='level0' wallAtStart='wall8' wallAtEnd='wall26' xStart='318.71982' yStart='984.8296' xEnd='318.71982' yEnd='815.2544' height='426.71997' thickness='7.62' pattern='hatchUp'/>
  <wall id='wall26' level='level0' wallAtStart='wall25' wallAtEnd='wall9' xStart='318.71982' yStart='815.2544' xEnd='318.71982' yEnd='602.4905' height='314.96' thickness='7.62' pattern='hatchUp'/>
  <wall id='wall27' level='level0' wallAtStart='wall15' wallAtEnd='wall28' xStart='119.5' yStart='1241.9095' xEnd='119.5' yEnd='1272.0095' height='426.71997' thickness='7.62' pattern='hatchUp'/>
  <wall id='wall28' level='level0' wallAtStart='wall27' xStart='119.5' yStart='1272.0095' xEnd='119.499985' yEnd='1516.2295' height='335.27997' thickness='7.62' pattern='hatchUp'/>
  <wall id='wall29' level='level0' wallAtStart='wall22' wallAtEnd='wall30' xStart='281.5' yStart='1243.4708' xEnd='281.5' yEnd='1272.0095' height='426.71997' thickness='7.62' pattern='hatchUp'/>
  <wall id='wall30' level='level0' wallAtStart='wall29' xStart='281.5' yStart='1272.0095' xEnd='281.5' yEnd='1511.1495' height='335.27997' thickness='7.62' pattern='hatchUp'/>
  <wall id='wall31' level='level0' wallAtStart='wall17' wallAtEnd='wall32' xStart='3.4999814' yStart='815.2544' xEnd='3.5' yEnd='1241.9095' height='426.71997' thickness='7.62' pattern='hatchUp'/>
  <wall id='wall32' level='level0' wallAtStart='wall31' wallAtEnd='wall44' xStart='3.5' yStart='1241.9095' xEnd='3.5' yEnd='1516.2295' height='426.71997' thickness='7.62' pattern='hatchUp'/>
  <wall id='wall33' level='level4' wallAtEnd='wall5' xStart='554.6798' yStart='982.8296' xEnd='793.5' yEnd='982.8296' height='335.27997' thickness='7.62' pattern='hatchUp'/>
  <wall id='wall34' level='level4' xStart='122.30383' yStart='1396.0095' xEnd='284.30383' yEnd='1396.0095' height='243.84' thickness='7.62' pattern='hatchUp'/>
  <wall id='wall35' level='level7' wallAtStart='wall60' wallAtEnd='wall36' xStart='3.5' yStart='815.2544' xEnd='318.71982' yEnd='815.2544' height='243.84' thickness='7.62' pattern='hatchUp'/>
  <wall id='wall36' level='level7' wallAtStart='wall35' wallAtEnd='wall37' xStart='318.71982' yStart='815.2544' xEnd='318.71982' yEnd='522.0093' height='243.84' thickness='7.62' pattern='hatchUp'/>
  <wall id='wall37' level='level7' wallAtStart='wall36' wallAtEnd='wall38' xStart='318.71982' yStart='522.0093' xEnd='3.5' yEnd='522.0093' height='243.84' thickness='7.62' pattern='hatchUp'/>
  <wall id='wall38' level='level7' wallAtStart='wall37' wallAtEnd='wall11' xStart='3.5' yStart='522.0093' xEnd='3.5' yEnd='815.2544' height='243.84' thickness='7.62' pattern='hatchUp'/>
  <wall id='wall39' level='level7' wallAtEnd='wall40' xStart='318.71982' yStart='522.0093' xEnd='554.6798' yEnd='522.0093' height='243.84' thickness='7.62' pattern='hatchUp'/>
  <wall id='wall40' level='level7' wallAtStart='wall39' xStart='554.6798' yStart='522.0093' xEnd='554.6798' yEnd='667.23627' height='243.84' thickness='7.62' pattern='hatchUp'>
    <baseboard attribute='leftSideBaseboard' thickness='1.0' height='6.35' color='FFFFDF49'/>
    <baseboard attribute='rightSideBaseboard' thickness='1.0' height='6.35' color='FFFFDF49'/>
  </wall>
  <wall id='wall41' level='level8' wallAtStart='wall16' xStart='281.5' yStart='1273.3431' xEnd='281.5' yEnd='1516.2295' height='91.44' thickness='7.62' pattern='hatchUp'/>
  <wall id='wall42' level='level8' wallAtStart='wall16' xStart='119.5' yStart='1273.3431' xEnd='119.49999' yEnd='1511.1495' height='91.44' thickness='7.62' pattern='hatchUp'/>
  <wall id='wall43' level='level2' xStart='318.71982' yStart='602.4905' xEnd='554.6798' yEnd='602.4905' height='243.84' thickness='7.62' pattern='hatchUp'/>
  <wall id='wall44' level='level0' wallAtStart='wall32' wallAtEnd='wall45' xStart='3.5' yStart='1516.2295' xEnd='119.5' yEnd='1516.3646' height='426.71997' thickness='7.62' pattern='hatchUp'/>
  <wall id='wall45' level='level0' wallAtStart='wall44' wallAtEnd='wall24' xStart='119.5' yStart='1516.3646' xEnd='576.1669' yEnd='1516.8962' height='426.71997' thickness='7.62' pattern='hatchUp'/>
  <wall id='wall46' level='level10' wallAtStart='wall49' wallAtEnd='wall47' xStart='554.6798' yStart='667.23627' xEnd='922.9798' yEnd='667.23627' height='243.84' thickness='7.62' pattern='hatchUp'/>
  <wall id='wall47' level='level10' wallAtStart='wall46' wallAtEnd='wall48' xStart='922.9798' yStart='667.23627' xEnd='922.9798' yEnd='1091.4194' height='243.84' thickness='7.62' pattern='hatchUp'/>
  <wall id='wall48' level='level10' wallAtStart='wall47' wallAtEnd='wall49' xStart='922.9798' yStart='1091.4194' xEnd='554.6798' yEnd='1091.4194' height='243.84' thickness='7.62' pattern='hatchUp'/>
  <wall id='wall49' level='level10' wallAtStart='wall48' wallAtEnd='wall46' xStart='554.6798' yStart='1091.4194' xEnd='554.6798' yEnd='667.23627' height='243.84' thickness='7.62' pattern='hatchUp'/>
  <wall id='wall50' level='level10' wallAtEnd='wall51' xStart='554.68' yStart='1072.9066' xEnd='554.68' yEnd='1516.9475' height='243.84' thickness='7.62' pattern='hatchUp'/>
  <wall id='wall51' level='level10' wallAtStart='wall50' wallAtEnd='wall52' xStart='554.68' yStart='1516.9475' xEnd='922.98' yEnd='1515.2645' height='243.84' thickness='7.62' pattern='hatchUp'/>
  <wall id='wall52' level='level10' wallAtStart='wall51' xStart='922.98' yStart='1515.2645' xEnd='922.98' yEnd='1072.9066' height='243.84' thickness='7.62' pattern='hatchUp'/>
  <wall id='wall53' level='level10' wallAtStart='wall63' wallAtEnd='wall54' xStart='3.5' yStart='815.2544' xEnd='3.4999692' yEnd='1516.9475' height='243.84' thickness='7.62' pattern='hatchUp'/>
  <wall id='wall54' level='level10' wallAtStart='wall53' xStart='3.4999692' yStart='1516.9475' xEnd='554.6798' yEnd='1516.9475' height='243.84' thickness='7.62' pattern='hatchUp'/>
  <wall id='wall55' level='level10' xStart='318.71982' yStart='813.5714' xEnd='318.7198' yEnd='1392.6284' height='243.84' thickness='7.62' pattern='hatchUp'/>
  <wall id='wall56' level='level10' xStart='3.4999692' yStart='1392.6284' xEnd='408.17242' yEnd='1392.6284' height='243.84' thickness='7.62' pattern='hatchUp'/>
  <wall id='wall57' level='level10' xStart='404.80634' yStart='1392.6284' xEnd='404.80634' yEnd='1516.9475' height='243.84' thickness='7.62' pattern='hatchUp'/>
  <wall id='wall58' level='level10' xStart='199.47498' yStart='1392.6284' xEnd='199.47498' yEnd='1516.9475' height='243.84' thickness='7.62' pattern='hatchUp'/>
  <wall id='wall59' level='level10' xStart='3.499909' yStart='1052.6522' xEnd='318.71976' yEnd='1052.6522' height='243.84' thickness='7.62' pattern='hatchUp'/>
  <wall id='wall60' level='level10' wallAtStart='wall35' xStart='3.5' yStart='815.2544' xEnd='318.71976' yEnd='815.2544' height='243.84' thickness='7.62' pattern='hatchUp'/>
  <wall id='wall61' level='level10' wallAtEnd='wall62' xStart='554.68' yStart='547.7401' xEnd='922.9798' yEnd='547.7401' height='91.44' thickness='7.62' pattern='hatchUp' topColor='FF000B95'/>
  <wall id='wall62' level='level10' wallAtStart='wall61' xStart='922.9798' yStart='547.7401' xEnd='922.9798' yEnd='667.23627' height='91.44' thickness='7.62' pattern='hatchUp' topColor='FF000B95'/>
  <wall id='wall63' level='level10' wallAtStart='wall53' wallAtEnd='wall64' xStart='3.5' yStart='815.2544' xEnd='-70.159996' yEnd='815.2544' height='91.44' thickness='7.62' pattern='hatchUp' topColor='FF000B95'/>
  <wall id='wall64' level='level10' wallAtStart='wall63' wallAtEnd='wall65' xStart='-70.159996' yStart='815.2544' xEnd='-70.159996' yEnd='1602.6543' height='91.44' thickness='7.62' pattern='hatchUp' topColor='FF000B95'/>
  <wall id='wall65' level='level10' wallAtStart='wall64' wallAtEnd='wall66' xStart='-70.159996' yStart='1602.6543' xEnd='922.9798' yEnd='1602.6543' height='91.44' thickness='7.62' pattern='hatchUp' topColor='FF000B95'/>
  <wall id='wall66' level='level10' wallAtStart='wall65' xStart='922.9798' yStart='1602.6543' xEnd='922.9798' yEnd='1516.9475' height='91.44' thickness='7.62' pattern='hatchUp' topColor='FF000B95'/>
  <room level='level1' name='Bay' areaVisible='true' areaXOffset='4.8778076' areaYOffset='13.277405' ceilingVisible='false'>
    <texture attribute='floorTexture' name='Paving stone' creator='eTeks' catalogId='eTeks#pavingStone' width='42.3' height='30.0' image='115'/>
    <point x='183.54962' y='1.9865564'/>
    <point x='183.54959' y='601.09064'/>
    <point x='918.87946' y='601.0666'/>
    <point x='918.87946' y='121.0065'/>
    <point x='698.6339' y='121.00653'/>
    <point x='698.6339' y='1.9865564'/>
    <point x='698.6339' y='1.9865564'/>
  </room>
  <room level='level1' name='Garden' areaVisible='true' ceilingVisible='false'>
    <texture attribute='floorTexture' name='Grass' creator='eTeks' catalogId='eTeks#grass' width='30.0' height='30.0' image='116'/>
    <point x='7.31' y='5.369221'/>
    <point x='181.30005' y='0.8701086'/>
    <point x='181.30002' y='599.9741'/>
    <point x='3.524174' y='599.9741'/>
  </room>
  <room level='level1' name='PORCH' areaVisible='true' floorShininess='0.25' ceilingVisible='false' ceilingColor='FFFBFFD8'>
    <texture attribute='floorTexture' name='Grey tiles' creator='eTeks' catalogId='eTeks#greyTile' width='31.5' height='31.5' image='117'/>
    <point x='4.4388757' y='600.2236'/>
    <point x='314.90982' y='606.3005'/>
    <point x='314.2206' y='811.4444'/>
    <point x='7.31' y='811.4444'/>
  </room>
  <room level='level2' name='Stair Open Area' areaVisible='true' ceilingVisible='false'>
    <textStyle attribute='nameStyle' fontSize='22.0'/>
    <textStyle attribute='areaStyle' fontSize='22.0'/>
    <texture attribute='floorTexture' name='Light blue tiles' creator='eTeks' catalogId='eTeks#lightBlueTile' width='33.5' height='33.5' image='118'/>
    <point x='316.5298' y='609.8195'/>
    <point x='552.4898' y='609.8195'/>
    <point x='554.8698' y='844.6395'/>
    <point x='318.9098' y='844.6395'/>
  </room>
  <room level='level3' areaVisible='true' ceilingVisible='false'>
    <texture attribute='floorTexture' name='Beige tiles' creator='eTeks' catalogId='eTeks#wallBeigeTile' width='20.0' height='31.5' image='119'/>
    <point x='433.20978' y='844.6395'/>
    <point x='554.8698' y='844.6395'/>
    <point x='554.8698' y='878.0095'/>
    <point x='433.20978' y='878.0095'/>
  </room>
  <room level='level4' areaVisible='true' ceilingVisible='false'>
    <texture attribute='floorTexture' name='Light blue tiles' creator='eTeks' catalogId='eTeks#lightBlueTile' width='33.5' height='33.5' image='118'/>
    <point x='433.20978' y='878.0095'/>
    <point x='554.8698' y='878.0095'/>
    <point x='550.8698' y='979.0517'/>
    <point x='433.20978' y='980.9871'/>
  </room>
  <room level='level5' areaVisible='true' ceilingVisible='false'>
    <point x='318.9098' y='844.6395'/>
    <point x='433.20978' y='844.6395'/>
    <point x='433.20978' y='980.9871'/>
    <point x='322.52982' y='980.9871'/>
  </room>
  <room level='level4' name='Drawing Room' areaVisible='true' ceilingVisible='false' ceilingColor='FFF9FDFF'>
    <texture attribute='floorTexture' name='Black and white tiles' creator='eTeks' catalogId='eTeks#blackAndWhiteTiles' width='70.0' height='70.0' image='120'/>
    <point x='558.4898' y='605.32025'/>
    <point x='916.62976' y='605.32025'/>
    <point x='916.62976' y='978.70026'/>
    <point x='558.48975' y='978.70026'/>
  </room>
  <room level='level4' name='Store Room' nameAngle='1.5707964' nameXOffset='15.147461' nameYOffset='-11.388184' areaVisible='true' areaAngle='1.5707964' areaXOffset='-33.66089' areaYOffset='-3.3660889' ceilingVisible='false'>
    <texture attribute='floorTexture' name='Beige tiles' creator='eTeks' catalogId='eTeks#beigeTile' width='20.0' height='20.0' image='121'/>
    <point x='797.31' y='984.9566'/>
    <point x='916.62994' y='984.9566'/>
    <point x='916.62994' y='1236.4165'/>
    <point x='793.69' y='1234.4165'/>
  </room>
  <room level='level4' name='Dining Area' areaVisible='true' ceilingVisible='false' ceilingColor='FFF9FDFF'>
    <texture attribute='floorTexture' name='Grey tiles' creator='eTeks' catalogId='eTeks#greyTile' width='31.5' height='31.5' image='117'/>
    <point x='324.77945' y='980.9871'/>
    <point x='799.55963' y='979.0196'/>
    <point x='789.69' y='1238.0995'/>
    <point x='322.52982' y='1238.0995'/>
  </room>
  <room level='level4' name='Bedroom' areaVisible='true' ceilingVisible='false'>
    <texture attribute='floorTexture' name='Old wooden floor' creator='eTeks' catalogId='eTeks#oldWoodenFloor' width='26.9' height='26.9' image='122'/>
    <point x='7.31' y='819.0644'/>
    <point x='314.2206' y='819.0644'/>
    <point x='314.90976' y='1238.3491'/>
    <point x='277.69' y='1238.3491'/>
    <point x='277.69' y='1270.4491'/>
    <point x='123.31' y='1270.4491'/>
    <point x='123.31' y='1240.3491'/>
    <point x='7.3099995' y='1240.3491'/>
  </room>
  <room level='level4' name='Kitchen' areaVisible='true' ceilingVisible='false' ceilingColor='FFF5FFD2'>
    <texture attribute='floorTexture' name='Light blue tiles' creator='eTeks' catalogId='eTeks#lightBlueTile' width='33.5' height='33.5' image='118'/>
    <point x='579.31' y='1245.7196'/>
    <point x='916.62994' y='1245.7196'/>
    <point x='916.62994' y='1512.4194'/>
    <point x='579.31' y='1512.4194'/>
  </room>
  <room level='level4' name='Wash Area' areaVisible='true' areaYOffset='-6.7321777' ceilingVisible='false'>
    <texture attribute='floorTexture' name='Beige tiles' creator='eTeks' catalogId='eTeks#beigeTile' width='20.0' height='20.0' image='121'/>
    <point x='285.31' y='1245.7196'/>
    <point x='571.69' y='1245.7196'/>
    <point x='571.69' y='1512.4194'/>
    <point x='285.31' y='1511.1495'/>
    <point x='285.31' y='1511.1495'/>
  </room>
  <room level='level4' name='Bathroom' nameYOffset='-29.901733' areaVisible='true' ceilingVisible='false'>
    <texture attribute='floorTexture' name='Dark blue tiles' creator='eTeks' catalogId='eTeks#darkBlueTile' width='33.5' height='33.5' image='123'/>
    <point x='123.31' y='1275.8196'/>
    <point x='277.69' y='1275.8196'/>
    <point x='277.69' y='1392.1995'/>
    <point x='123.30999' y='1392.1995'/>
  </room>
  <room level='level4' name='Bathroom' nameYOffset='-19.803467' areaVisible='true' areaYOffset='35.343872' ceilingVisible='false'>
    <texture attribute='floorTexture' name='Dark blue tiles' creator='eTeks' catalogId='eTeks#darkBlueTile' width='33.5' height='33.5' image='123'/>
    <point x='7.31' y='1245.7196'/>
    <point x='115.69' y='1245.7196'/>
    <point x='115.689995' y='1399.8196'/>
    <point x='7.31' y='1399.8196'/>
  </room>
  <room level='level6' name='Toilet' nameYOffset='-34.950806' areaVisible='true' areaXOffset='1.6831055' areaYOffset='35.343872' ceilingVisible='false'>
    <texture attribute='floorTexture' name='Beige tiles' creator='eTeks' catalogId='eTeks#beigeTile' width='20.0' height='20.0' image='121'/>
    <point x='7.31' y='1399.8196'/>
    <point x='119.5' y='1399.8196'/>
    <point x='115.68999' y='1512.4194'/>
    <point x='7.31' y='1512.4194'/>
  </room>
  <room level='level6' name='Toilet' nameXOffset='40.393066' nameYOffset='-23.169556' areaVisible='true' areaXOffset='30.2948' areaYOffset='48.80835' ceilingVisible='false'>
    <texture attribute='floorTexture' name='Red tiles' creator='eTeks' catalogId='eTeks#redTiles' width='40.0' height='40.0' image='124'/>
    <point x='123.31' y='1401.6963'/>
    <point x='277.69' y='1401.6963'/>
    <point x='277.69' y='1513.0262'/>
    <point x='123.30998' y='1514.2961'/>
  </room>
  <room level='level7' name='Middle Floor Room' nameXOffset='6.7321777' nameYOffset='-43.36609' areaVisible='true' areaXOffset='6.7321777' areaYOffset='16.830444' ceilingVisible='false'>
    <point x='-0.30999947' y='518.1993'/>
    <point x='322.52982' y='520.6144'/>
    <point x='322.52982' y='632.3744'/>
    <point x='322.52982' y='695.8744'/>
    <point x='322.52982' y='819.0644'/>
    <point x='-0.30999947' y='815.2544'/>
  </room>
  <room level='level7' name='Ledge' nameXOffset='-23.562744' nameYOffset='5.4421387' areaVisible='true' areaXOffset='69.00464' areaYOffset='8.415222' ceilingVisible='false'>
    <texture attribute='floorTexture' name='Pebbles' creator='eTeks' catalogId='eTeks#pebbles' width='20.0' height='20.0' image='125'/>
    <point x='550.8698' y='548.09436'/>
    <point x='924.24994' y='548.09436'/>
    <point x='924.24994' y='606.0095'/>
    <point x='550.8698' y='606.00946'/>
  </room>
  <room level='level9' areaVisible='true' ceilingVisible='false'>
    <point x='322.52972' y='821.9866'/>
    <point x='554.67975' y='821.9866'/>
    <point x='553.01196' y='986.6396'/>
    <point x='320.84677' y='985.4344'/>
    <point x='320.84677' y='921.9344'/>
  </room>
  <room level='level8' areaVisible='true' ceilingVisible='false'>
    <texture attribute='floorTexture' name='Pebbles' creator='eTeks' catalogId='eTeks#pebbles' width='20.0' height='20.0' image='125'/>
    <point x='-0.30999994' y='1241.9095'/>
    <point x='123.31' y='1241.9095'/>
    <point x='123.30998' y='1511.1495'/>
    <point x='7.31' y='1512.424'/>
  </room>
  <room level='level8' areaVisible='true' ceilingVisible='false'>
    <texture attribute='floorTexture' name='Pebbles' creator='eTeks' catalogId='eTeks#pebbles' width='20.0' height='20.0' image='125'/>
    <point x='127.281586' y='1240.3905'/>
    <point x='280.75317' y='1240.3905'/>
    <point x='280.75317' y='1511.1495'/>
    <point x='127.281586' y='1509.6305'/>
  </room>
  <room level='level8' areaVisible='true' ceilingVisible='false'>
    <texture attribute='floorTexture' name='Pebbles' creator='eTeks' catalogId='eTeks#pebbles' width='20.0' height='20.0' image='125'/>
    <point x='797.31' y='979.0196'/>
    <point x='920.4398' y='979.0196'/>
    <point x='920.4398' y='1238.0995'/>
    <point x='797.31' y='1238.0995'/>
  </room>
  <room level='level2' areaVisible='true' floorShininess='0.25' ceilingVisible='false'>
    <texture attribute='floorTexture' name='Beige tiles' creator='eTeks' catalogId='eTeks#wallBeigeTile' width='20.0' height='31.5' image='119'/>
    <point x='211.10165' y='759.0317'/>
    <point x='312.70166' y='759.0317'/>
    <point x='312.70166' y='784.4317'/>
    <point x='211.10165' y='784.4317'/>
  </room>
  <room level='level3' areaVisible='true' areaYOffset='5.0491333' floorShininess='0.25' ceilingVisible='false'>
    <texture attribute='floorTexture' name='Beige tiles' creator='eTeks' catalogId='eTeks#wallBeigeTile' width='20.0' height='31.5' image='119'/>
    <point x='211.10165' y='783.3349'/>
    <point x='312.70166' y='783.3349'/>
    <point x='312.70166' y='808.7349'/>
    <point x='211.10165' y='808.7349'/>
  </room>
  <room level='level7' name='Stair Open Area' areaVisible='true' ceilingVisible='false'>
    <point x='322.52982' y='520.6144'/>
    <point x='558.4898' y='518.1993'/>
    <point x='558.4898' y='680.7593'/>
    <point x='322.52982' y='680.7593'/>
  </room>
  <room level='level10' areaVisible='true' ceilingVisible='false'>
    <point x='558.06104' y='670.6023'/>
    <point x='923.8059' y='670.6023'/>
    <point x='923.8059' y='1092.6582'/>
    <point x='560.1913' y='1092.6582'/>
  </room>
  <room level='level10' areaVisible='true'>
    <point x='555.1422' y='1094.8809'/>
    <point x='918.7568' y='1094.8809'/>
    <point x='919.1697' y='1516.5209'/>
    <point x='555.1422' y='1516.5209'/>
  </room>
  <room level='level10' areaVisible='true'>
    <point x='7.309989' y='1056.4623'/>
    <point x='318.71976' y='1056.4623'/>
    <point x='314.9098' y='1388.8184'/>
    <point x='7.3099747' y='1388.8184'/>
  </room>
  <room level='level10' areaVisible='true'>
    <point x='7.3099995' y='819.0644'/>
    <point x='314.90982' y='819.0644'/>
    <point x='314.90982' y='1048.8422'/>
    <point x='7.3099895' y='1048.8422'/>
  </room>
  <room level='level10' areaVisible='true'>
    <point x='7.309974' y='1396.4385'/>
    <point x='195.66498' y='1396.4385'/>
    <point x='195.66498' y='1513.1375'/>
    <point x='7.309969' y='1513.1375'/>
  </room>
  <room level='level10' areaVisible='true'>
    <point x='203.28497' y='1396.4385'/>
    <point x='400.99634' y='1396.4385'/>
    <point x='400.99634' y='1514.8204'/>
    <point x='203.28497' y='1514.8204'/>
  </room>
  <room level='level9' areaVisible='true' ceilingVisible='false'>
    <point x='550.8698' y='548.09436'/>
    <point x='920.4398' y='548.09436'/>
    <point x='920.4398' y='1599.6548'/>
    <point x='-65.08014' y='1599.6548'/>
    <point x='-65.08017' y='815.2544'/>
    <point x='322.52982' y='815.2544'/>
    <point x='322.52982' y='985.4344'/>
    <point x='554.695' y='986.6396'/>
  </room>
</home>